Analysis & Synthesis report for int8_baseline_dsp_auto
Thu Sep 17 11:08:00 2026
Quartus Prime Version 25.1std.0 Build 1129 10/21/2025 SC Lite Edition


---------------------
; Table of Contents ;
---------------------
  1. Legal Notice
  2. Analysis & Synthesis Summary
  3. Analysis & Synthesis Settings
  4. Parallel Compilation
  5. Analysis & Synthesis Source Files Read
  6. Analysis & Synthesis Resource Usage Summary
  7. Analysis & Synthesis Resource Utilization by Entity
  8. Analysis & Synthesis DSP Block Usage Summary
  9. General Register Statistics
 10. Parameter Settings for Inferred Entity Instance: int8_matvec_4x4:dut|lpm_mult:Mult3
 11. Parameter Settings for Inferred Entity Instance: int8_matvec_4x4:dut|lpm_mult:Mult7
 12. Parameter Settings for Inferred Entity Instance: int8_matvec_4x4:dut|lpm_mult:Mult11
 13. Parameter Settings for Inferred Entity Instance: int8_matvec_4x4:dut|lpm_mult:Mult15
 14. Parameter Settings for Inferred Entity Instance: int8_matvec_4x4:dut|lpm_mult:Mult2
 15. Parameter Settings for Inferred Entity Instance: int8_matvec_4x4:dut|lpm_mult:Mult6
 16. Parameter Settings for Inferred Entity Instance: int8_matvec_4x4:dut|lpm_mult:Mult10
 17. Parameter Settings for Inferred Entity Instance: int8_matvec_4x4:dut|lpm_mult:Mult14
 18. Parameter Settings for Inferred Entity Instance: int8_matvec_4x4:dut|lpm_mult:Mult1
 19. Parameter Settings for Inferred Entity Instance: int8_matvec_4x4:dut|lpm_mult:Mult0
 20. Parameter Settings for Inferred Entity Instance: int8_matvec_4x4:dut|lpm_mult:Mult5
 21. Parameter Settings for Inferred Entity Instance: int8_matvec_4x4:dut|lpm_mult:Mult4
 22. Parameter Settings for Inferred Entity Instance: int8_matvec_4x4:dut|lpm_mult:Mult9
 23. Parameter Settings for Inferred Entity Instance: int8_matvec_4x4:dut|lpm_mult:Mult8
 24. Parameter Settings for Inferred Entity Instance: int8_matvec_4x4:dut|lpm_mult:Mult13
 25. Parameter Settings for Inferred Entity Instance: int8_matvec_4x4:dut|lpm_mult:Mult12
 26. lpm_mult Parameter Settings by Entity Instance
 27. Post-Synthesis Netlist Statistics for Top Partition
 28. Elapsed Time Per Partition
 29. Analysis & Synthesis Messages



----------------
; Legal Notice ;
----------------
Copyright (C) 2025  Altera Corporation. All rights reserved.
Your use of Altera Corporation's design tools, logic functions 
and other software and tools, and any partner logic 
functions, and any output files from any of the foregoing 
(including device programming or simulation files), and any 
associated documentation or information are expressly subject 
to the terms and conditions of the Altera Program License 
Subscription Agreement, the Altera Quartus Prime License Agreement,
the Altera IP License Agreement, or other applicable license
agreement, including, without limitation, that your use is for
the sole purpose of programming logic devices manufactured by
Altera and sold by Altera or its authorized distributors.  Please
refer to the Altera Software License Subscription Agreements 
on the Quartus Prime software download page.



+--------------------------------------------------------------------------------------+
; Analysis & Synthesis Summary                                                         ;
+------------------------------------+-------------------------------------------------+
; Analysis & Synthesis Status        ; Successful - Thu Sep 17 11:08:00 2026           ;
; Quartus Prime Version              ; 25.1std.0 Build 1129 10/21/2025 SC Lite Edition ;
; Revision Name                      ; int8_baseline_dsp_auto                          ;
; Top-level Entity Name              ; int8_matvec_registered_top                      ;
; Family                             ; MAX 10                                          ;
; Total logic elements               ; 432                                             ;
;     Total combinational functions  ; 220                                             ;
;     Dedicated logic registers      ; 288                                             ;
; Total registers                    ; 288                                             ;
; Total pins                         ; 1                                               ;
; Total virtual pins                 ; 288                                             ;
; Total memory bits                  ; 0                                               ;
; Embedded Multiplier 9-bit elements ; 16                                              ;
; Total PLLs                         ; 0                                               ;
; UFM blocks                         ; 0                                               ;
; ADC blocks                         ; 0                                               ;
+------------------------------------+-------------------------------------------------+


+------------------------------------------------------------------------------------------------------------------------+
; Analysis & Synthesis Settings                                                                                          ;
+------------------------------------------------------------------+----------------------------+------------------------+
; Option                                                           ; Setting                    ; Default Value          ;
+------------------------------------------------------------------+----------------------------+------------------------+
; Device                                                           ; 10M50DAF484C7G             ;                        ;
; Top-level entity name                                            ; int8_matvec_registered_top ; int8_baseline_dsp_auto ;
; Family name                                                      ; MAX 10                     ; Cyclone V              ;
; Maximum processors allowed for parallel compilation              ; 4                          ;                        ;
; Use smart compilation                                            ; Off                        ; Off                    ;
; Enable parallel Assembler and Timing Analyzer during compilation ; On                         ; On                     ;
; Enable compact report table                                      ; Off                        ; Off                    ;
; Restructure Multiplexers                                         ; Auto                       ; Auto                   ;
; Create Debugging Nodes for IP Cores                              ; Off                        ; Off                    ;
; Preserve fewer node names                                        ; On                         ; On                     ;
; Intel FPGA IP Evaluation Mode                                    ; Enable                     ; Enable                 ;
; Verilog Version                                                  ; Verilog_2001               ; Verilog_2001           ;
; VHDL Version                                                     ; VHDL_1993                  ; VHDL_1993              ;
; State Machine Processing                                         ; Auto                       ; Auto                   ;
; Safe State Machine                                               ; Off                        ; Off                    ;
; Extract Verilog State Machines                                   ; On                         ; On                     ;
; Extract VHDL State Machines                                      ; On                         ; On                     ;
; Ignore Verilog initial constructs                                ; Off                        ; Off                    ;
; Iteration limit for constant Verilog loops                       ; 5000                       ; 5000                   ;
; Iteration limit for non-constant Verilog loops                   ; 250                        ; 250                    ;
; Add Pass-Through Logic to Inferred RAMs                          ; On                         ; On                     ;
; Infer RAMs from Raw Logic                                        ; On                         ; On                     ;
; Parallel Synthesis                                               ; On                         ; On                     ;
; DSP Block Balancing                                              ; Auto                       ; Auto                   ;
; NOT Gate Push-Back                                               ; On                         ; On                     ;
; Power-Up Don't Care                                              ; On                         ; On                     ;
; Remove Redundant Logic Cells                                     ; Off                        ; Off                    ;
; Remove Duplicate Registers                                       ; On                         ; On                     ;
; Ignore CARRY Buffers                                             ; Off                        ; Off                    ;
; Ignore CASCADE Buffers                                           ; Off                        ; Off                    ;
; Ignore GLOBAL Buffers                                            ; Off                        ; Off                    ;
; Ignore ROW GLOBAL Buffers                                        ; Off                        ; Off                    ;
; Ignore LCELL Buffers                                             ; Off                        ; Off                    ;
; Ignore SOFT Buffers                                              ; On                         ; On                     ;
; Limit AHDL Integers to 32 Bits                                   ; Off                        ; Off                    ;
; Optimization Technique                                           ; Balanced                   ; Balanced               ;
; Carry Chain Length                                               ; 70                         ; 70                     ;
; Auto Carry Chains                                                ; On                         ; On                     ;
; Auto Open-Drain Pins                                             ; On                         ; On                     ;
; Perform WYSIWYG Primitive Resynthesis                            ; Off                        ; Off                    ;
; Auto ROM Replacement                                             ; On                         ; On                     ;
; Auto RAM Replacement                                             ; On                         ; On                     ;
; Auto DSP Block Replacement                                       ; On                         ; On                     ;
; Auto Shift Register Replacement                                  ; Auto                       ; Auto                   ;
; Allow Shift Register Merging across Hierarchies                  ; Auto                       ; Auto                   ;
; Auto Clock Enable Replacement                                    ; On                         ; On                     ;
; Strict RAM Replacement                                           ; Off                        ; Off                    ;
; Allow Synchronous Control Signals                                ; On                         ; On                     ;
; Force Use of Synchronous Clear Signals                           ; Off                        ; Off                    ;
; Auto RAM Block Balancing                                         ; On                         ; On                     ;
; Auto RAM to Logic Cell Conversion                                ; Off                        ; Off                    ;
; Auto Resource Sharing                                            ; Off                        ; Off                    ;
; Allow Any RAM Size For Recognition                               ; Off                        ; Off                    ;
; Allow Any ROM Size For Recognition                               ; Off                        ; Off                    ;
; Allow Any Shift Register Size For Recognition                    ; Off                        ; Off                    ;
; Use LogicLock Constraints during Resource Balancing              ; On                         ; On                     ;
; Ignore translate_off and synthesis_off directives                ; Off                        ; Off                    ;
; Timing-Driven Synthesis                                          ; On                         ; On                     ;
; Report Parameter Settings                                        ; On                         ; On                     ;
; Report Source Assignments                                        ; On                         ; On                     ;
; Report Connectivity Checks                                       ; On                         ; On                     ;
; Ignore Maximum Fan-Out Assignments                               ; Off                        ; Off                    ;
; Synchronization Register Chain Length                            ; 2                          ; 2                      ;
; Power Optimization During Synthesis                              ; Normal compilation         ; Normal compilation     ;
; HDL message level                                                ; Level2                     ; Level2                 ;
; Suppress Register Optimization Related Messages                  ; Off                        ; Off                    ;
; Number of Removed Registers Reported in Synthesis Report         ; 5000                       ; 5000                   ;
; Number of Swept Nodes Reported in Synthesis Report               ; 5000                       ; 5000                   ;
; Number of Inverted Registers Reported in Synthesis Report        ; 100                        ; 100                    ;
; Clock MUX Protection                                             ; On                         ; On                     ;
; Auto Gated Clock Conversion                                      ; Off                        ; Off                    ;
; Block Design Naming                                              ; Auto                       ; Auto                   ;
; SDC constraint protection                                        ; Off                        ; Off                    ;
; Synthesis Effort                                                 ; Auto                       ; Auto                   ;
; Shift Register Replacement - Allow Asynchronous Clear Signal     ; On                         ; On                     ;
; Pre-Mapping Resynthesis Optimization                             ; Off                        ; Off                    ;
; Analysis & Synthesis Message Level                               ; Medium                     ; Medium                 ;
; Disable Register Merging Across Hierarchies                      ; Auto                       ; Auto                   ;
; Resource Aware Inference For Block RAM                           ; On                         ; On                     ;
+------------------------------------------------------------------+----------------------------+------------------------+


+------------------------------------------+
; Parallel Compilation                     ;
+----------------------------+-------------+
; Processors                 ; Number      ;
+----------------------------+-------------+
; Number detected on machine ; 6           ;
; Maximum allowed            ; 4           ;
;                            ;             ;
; Average used               ; 1.00        ;
; Maximum used               ; 4           ;
;                            ;             ;
; Usage by Processor         ; % Time Used ;
;     Processor 1            ; 100.0%      ;
;     Processor 2            ;   0.0%      ;
;     Processor 3            ;   0.0%      ;
;     Processor 4            ;   0.0%      ;
+----------------------------+-------------+


+-----------------------------------------------------------------------------------------------------------------------------------------------------------------------------------------------------------------------------------------------------------+
; Analysis & Synthesis Source Files Read                                                                                                                                                                                                                    ;
+------------------------------------------------------------------+-----------------+------------------------------+-----------------------------------------------------------------------------------------------------------------------------+---------+
; File Name with User-Entered Path                                 ; Used in Netlist ; File Type                    ; File Name with Absolute Path                                                                                                ; Library ;
+------------------------------------------------------------------+-----------------+------------------------------+-----------------------------------------------------------------------------------------------------------------------------+---------+
; ../../../../../cases/int8-matvec/rtl/baseline/int8_matvec_4x4.sv ; yes             ; User SystemVerilog HDL File  ; /workspace/rtl-quartus-publication-20260917/cases/int8-matvec/rtl/baseline/int8_matvec_4x4.sv                               ;         ;
; ../../../rtl/int8_matvec_registered_top.sv                       ; yes             ; User SystemVerilog HDL File  ; /workspace/rtl-quartus-publication-20260917/experiments/quartus-int8-matvec/rtl/int8_matvec_registered_top.sv               ;         ;
; lpm_mult.tdf                                                     ; yes             ; Megafunction                 ; /opt/altera/quartus/libraries/megafunctions/lpm_mult.tdf                                                                    ;         ;
; aglobal251.inc                                                   ; yes             ; Megafunction                 ; /opt/altera/quartus/libraries/megafunctions/aglobal251.inc                                                                  ;         ;
; lpm_add_sub.inc                                                  ; yes             ; Megafunction                 ; /opt/altera/quartus/libraries/megafunctions/lpm_add_sub.inc                                                                 ;         ;
; multcore.inc                                                     ; yes             ; Megafunction                 ; /opt/altera/quartus/libraries/megafunctions/multcore.inc                                                                    ;         ;
; bypassff.inc                                                     ; yes             ; Megafunction                 ; /opt/altera/quartus/libraries/megafunctions/bypassff.inc                                                                    ;         ;
; altshift.inc                                                     ; yes             ; Megafunction                 ; /opt/altera/quartus/libraries/megafunctions/altshift.inc                                                                    ;         ;
; db/mult_tds.tdf                                                  ; yes             ; Auto-Generated Megafunction  ; /workspace/rtl-quartus-publication-20260917/experiments/quartus-int8-matvec/output-public/baseline/dsp_auto/db/mult_tds.tdf ;         ;
+------------------------------------------------------------------+-----------------+------------------------------+-----------------------------------------------------------------------------------------------------------------------------+---------+


+---------------------------------------------------------+
; Analysis & Synthesis Resource Usage Summary             ;
+---------------------------------------------+-----------+
; Resource                                    ; Usage     ;
+---------------------------------------------+-----------+
; Estimated Total logic elements              ; 432       ;
;                                             ;           ;
; Total combinational functions               ; 220       ;
; Logic element usage by number of LUT inputs ;           ;
;     -- 4 input functions                    ; 0         ;
;     -- 3 input functions                    ; 208       ;
;     -- <=2 input functions                  ; 12        ;
;                                             ;           ;
; Logic elements by mode                      ;           ;
;     -- normal mode                          ; 12        ;
;     -- arithmetic mode                      ; 208       ;
;                                             ;           ;
; Total registers                             ; 288       ;
;     -- Dedicated logic registers            ; 288       ;
;     -- I/O registers                        ; 0         ;
;                                             ;           ;
; Virtual pins                                ; 288       ;
; I/O pins                                    ; 1         ;
;                                             ;           ;
; Embedded Multiplier 9-bit elements          ; 16        ;
;                                             ;           ;
; Maximum fan-out node                        ; clk~input ;
; Maximum fan-out                             ; 288       ;
; Total fan-out                               ; 1625      ;
; Average fan-out                             ; 1.96      ;
+---------------------------------------------+-----------+


+-------------------------------------------------------------------------------------------------------------------------------------------------------------------------------------------------------------------------------------------------------------------------------------------------------------------------------+
; Analysis & Synthesis Resource Utilization by Entity                                                                                                                                                                                                                                                                           ;
+------------------------------------+---------------------+---------------------------+-------------+------------+--------------+---------+-----------+------+--------------+------------+-----------------------------------------------------------------------------------------+----------------------------+--------------+
; Compilation Hierarchy Node         ; Combinational ALUTs ; Dedicated Logic Registers ; Memory Bits ; UFM Blocks ; DSP Elements ; DSP 9x9 ; DSP 18x18 ; Pins ; Virtual Pins ; ADC blocks ; Full Hierarchy Name                                                                     ; Entity Name                ; Library Name ;
+------------------------------------+---------------------+---------------------------+-------------+------------+--------------+---------+-----------+------+--------------+------------+-----------------------------------------------------------------------------------------+----------------------------+--------------+
; |int8_matvec_registered_top        ; 220 (0)             ; 288 (288)                 ; 0           ; 0          ; 16           ; 16      ; 0         ; 1    ; 288          ; 0          ; |int8_matvec_registered_top                                                             ; int8_matvec_registered_top ; work         ;
;    |int8_matvec_4x4:dut|           ; 220 (220)           ; 0 (0)                     ; 0           ; 0          ; 16           ; 16      ; 0         ; 0    ; 0            ; 0          ; |int8_matvec_registered_top|int8_matvec_4x4:dut                                         ; int8_matvec_4x4            ; work         ;
;       |lpm_mult:Mult0|             ; 0 (0)               ; 0 (0)                     ; 0           ; 0          ; 1            ; 1       ; 0         ; 0    ; 0            ; 0          ; |int8_matvec_registered_top|int8_matvec_4x4:dut|lpm_mult:Mult0                          ; lpm_mult                   ; work         ;
;          |mult_tds:auto_generated| ; 0 (0)               ; 0 (0)                     ; 0           ; 0          ; 1            ; 1       ; 0         ; 0    ; 0            ; 0          ; |int8_matvec_registered_top|int8_matvec_4x4:dut|lpm_mult:Mult0|mult_tds:auto_generated  ; mult_tds                   ; work         ;
;       |lpm_mult:Mult10|            ; 0 (0)               ; 0 (0)                     ; 0           ; 0          ; 1            ; 1       ; 0         ; 0    ; 0            ; 0          ; |int8_matvec_registered_top|int8_matvec_4x4:dut|lpm_mult:Mult10                         ; lpm_mult                   ; work         ;
;          |mult_tds:auto_generated| ; 0 (0)               ; 0 (0)                     ; 0           ; 0          ; 1            ; 1       ; 0         ; 0    ; 0            ; 0          ; |int8_matvec_registered_top|int8_matvec_4x4:dut|lpm_mult:Mult10|mult_tds:auto_generated ; mult_tds                   ; work         ;
;       |lpm_mult:Mult11|            ; 0 (0)               ; 0 (0)                     ; 0           ; 0          ; 1            ; 1       ; 0         ; 0    ; 0            ; 0          ; |int8_matvec_registered_top|int8_matvec_4x4:dut|lpm_mult:Mult11                         ; lpm_mult                   ; work         ;
;          |mult_tds:auto_generated| ; 0 (0)               ; 0 (0)                     ; 0           ; 0          ; 1            ; 1       ; 0         ; 0    ; 0            ; 0          ; |int8_matvec_registered_top|int8_matvec_4x4:dut|lpm_mult:Mult11|mult_tds:auto_generated ; mult_tds                   ; work         ;
;       |lpm_mult:Mult12|            ; 0 (0)               ; 0 (0)                     ; 0           ; 0          ; 1            ; 1       ; 0         ; 0    ; 0            ; 0          ; |int8_matvec_registered_top|int8_matvec_4x4:dut|lpm_mult:Mult12                         ; lpm_mult                   ; work         ;
;          |mult_tds:auto_generated| ; 0 (0)               ; 0 (0)                     ; 0           ; 0          ; 1            ; 1       ; 0         ; 0    ; 0            ; 0          ; |int8_matvec_registered_top|int8_matvec_4x4:dut|lpm_mult:Mult12|mult_tds:auto_generated ; mult_tds                   ; work         ;
;       |lpm_mult:Mult13|            ; 0 (0)               ; 0 (0)                     ; 0           ; 0          ; 1            ; 1       ; 0         ; 0    ; 0            ; 0          ; |int8_matvec_registered_top|int8_matvec_4x4:dut|lpm_mult:Mult13                         ; lpm_mult                   ; work         ;
;          |mult_tds:auto_generated| ; 0 (0)               ; 0 (0)                     ; 0           ; 0          ; 1            ; 1       ; 0         ; 0    ; 0            ; 0          ; |int8_matvec_registered_top|int8_matvec_4x4:dut|lpm_mult:Mult13|mult_tds:auto_generated ; mult_tds                   ; work         ;
;       |lpm_mult:Mult14|            ; 0 (0)               ; 0 (0)                     ; 0           ; 0          ; 1            ; 1       ; 0         ; 0    ; 0            ; 0          ; |int8_matvec_registered_top|int8_matvec_4x4:dut|lpm_mult:Mult14                         ; lpm_mult                   ; work         ;
;          |mult_tds:auto_generated| ; 0 (0)               ; 0 (0)                     ; 0           ; 0          ; 1            ; 1       ; 0         ; 0    ; 0            ; 0          ; |int8_matvec_registered_top|int8_matvec_4x4:dut|lpm_mult:Mult14|mult_tds:auto_generated ; mult_tds                   ; work         ;
;       |lpm_mult:Mult15|            ; 0 (0)               ; 0 (0)                     ; 0           ; 0          ; 1            ; 1       ; 0         ; 0    ; 0            ; 0          ; |int8_matvec_registered_top|int8_matvec_4x4:dut|lpm_mult:Mult15                         ; lpm_mult                   ; work         ;
;          |mult_tds:auto_generated| ; 0 (0)               ; 0 (0)                     ; 0           ; 0          ; 1            ; 1       ; 0         ; 0    ; 0            ; 0          ; |int8_matvec_registered_top|int8_matvec_4x4:dut|lpm_mult:Mult15|mult_tds:auto_generated ; mult_tds                   ; work         ;
;       |lpm_mult:Mult1|             ; 0 (0)               ; 0 (0)                     ; 0           ; 0          ; 1            ; 1       ; 0         ; 0    ; 0            ; 0          ; |int8_matvec_registered_top|int8_matvec_4x4:dut|lpm_mult:Mult1                          ; lpm_mult                   ; work         ;
;          |mult_tds:auto_generated| ; 0 (0)               ; 0 (0)                     ; 0           ; 0          ; 1            ; 1       ; 0         ; 0    ; 0            ; 0          ; |int8_matvec_registered_top|int8_matvec_4x4:dut|lpm_mult:Mult1|mult_tds:auto_generated  ; mult_tds                   ; work         ;
;       |lpm_mult:Mult2|             ; 0 (0)               ; 0 (0)                     ; 0           ; 0          ; 1            ; 1       ; 0         ; 0    ; 0            ; 0          ; |int8_matvec_registered_top|int8_matvec_4x4:dut|lpm_mult:Mult2                          ; lpm_mult                   ; work         ;
;          |mult_tds:auto_generated| ; 0 (0)               ; 0 (0)                     ; 0           ; 0          ; 1            ; 1       ; 0         ; 0    ; 0            ; 0          ; |int8_matvec_registered_top|int8_matvec_4x4:dut|lpm_mult:Mult2|mult_tds:auto_generated  ; mult_tds                   ; work         ;
;       |lpm_mult:Mult3|             ; 0 (0)               ; 0 (0)                     ; 0           ; 0          ; 1            ; 1       ; 0         ; 0    ; 0            ; 0          ; |int8_matvec_registered_top|int8_matvec_4x4:dut|lpm_mult:Mult3                          ; lpm_mult                   ; work         ;
;          |mult_tds:auto_generated| ; 0 (0)               ; 0 (0)                     ; 0           ; 0          ; 1            ; 1       ; 0         ; 0    ; 0            ; 0          ; |int8_matvec_registered_top|int8_matvec_4x4:dut|lpm_mult:Mult3|mult_tds:auto_generated  ; mult_tds                   ; work         ;
;       |lpm_mult:Mult4|             ; 0 (0)               ; 0 (0)                     ; 0           ; 0          ; 1            ; 1       ; 0         ; 0    ; 0            ; 0          ; |int8_matvec_registered_top|int8_matvec_4x4:dut|lpm_mult:Mult4                          ; lpm_mult                   ; work         ;
;          |mult_tds:auto_generated| ; 0 (0)               ; 0 (0)                     ; 0           ; 0          ; 1            ; 1       ; 0         ; 0    ; 0            ; 0          ; |int8_matvec_registered_top|int8_matvec_4x4:dut|lpm_mult:Mult4|mult_tds:auto_generated  ; mult_tds                   ; work         ;
;       |lpm_mult:Mult5|             ; 0 (0)               ; 0 (0)                     ; 0           ; 0          ; 1            ; 1       ; 0         ; 0    ; 0            ; 0          ; |int8_matvec_registered_top|int8_matvec_4x4:dut|lpm_mult:Mult5                          ; lpm_mult                   ; work         ;
;          |mult_tds:auto_generated| ; 0 (0)               ; 0 (0)                     ; 0           ; 0          ; 1            ; 1       ; 0         ; 0    ; 0            ; 0          ; |int8_matvec_registered_top|int8_matvec_4x4:dut|lpm_mult:Mult5|mult_tds:auto_generated  ; mult_tds                   ; work         ;
;       |lpm_mult:Mult6|             ; 0 (0)               ; 0 (0)                     ; 0           ; 0          ; 1            ; 1       ; 0         ; 0    ; 0            ; 0          ; |int8_matvec_registered_top|int8_matvec_4x4:dut|lpm_mult:Mult6                          ; lpm_mult                   ; work         ;
;          |mult_tds:auto_generated| ; 0 (0)               ; 0 (0)                     ; 0           ; 0          ; 1            ; 1       ; 0         ; 0    ; 0            ; 0          ; |int8_matvec_registered_top|int8_matvec_4x4:dut|lpm_mult:Mult6|mult_tds:auto_generated  ; mult_tds                   ; work         ;
;       |lpm_mult:Mult7|             ; 0 (0)               ; 0 (0)                     ; 0           ; 0          ; 1            ; 1       ; 0         ; 0    ; 0            ; 0          ; |int8_matvec_registered_top|int8_matvec_4x4:dut|lpm_mult:Mult7                          ; lpm_mult                   ; work         ;
;          |mult_tds:auto_generated| ; 0 (0)               ; 0 (0)                     ; 0           ; 0          ; 1            ; 1       ; 0         ; 0    ; 0            ; 0          ; |int8_matvec_registered_top|int8_matvec_4x4:dut|lpm_mult:Mult7|mult_tds:auto_generated  ; mult_tds                   ; work         ;
;       |lpm_mult:Mult8|             ; 0 (0)               ; 0 (0)                     ; 0           ; 0          ; 1            ; 1       ; 0         ; 0    ; 0            ; 0          ; |int8_matvec_registered_top|int8_matvec_4x4:dut|lpm_mult:Mult8                          ; lpm_mult                   ; work         ;
;          |mult_tds:auto_generated| ; 0 (0)               ; 0 (0)                     ; 0           ; 0          ; 1            ; 1       ; 0         ; 0    ; 0            ; 0          ; |int8_matvec_registered_top|int8_matvec_4x4:dut|lpm_mult:Mult8|mult_tds:auto_generated  ; mult_tds                   ; work         ;
;       |lpm_mult:Mult9|             ; 0 (0)               ; 0 (0)                     ; 0           ; 0          ; 1            ; 1       ; 0         ; 0    ; 0            ; 0          ; |int8_matvec_registered_top|int8_matvec_4x4:dut|lpm_mult:Mult9                          ; lpm_mult                   ; work         ;
;          |mult_tds:auto_generated| ; 0 (0)               ; 0 (0)                     ; 0           ; 0          ; 1            ; 1       ; 0         ; 0    ; 0            ; 0          ; |int8_matvec_registered_top|int8_matvec_4x4:dut|lpm_mult:Mult9|mult_tds:auto_generated  ; mult_tds                   ; work         ;
+------------------------------------+---------------------+---------------------------+-------------+------------+--------------+---------+-----------+------+--------------+------------+-----------------------------------------------------------------------------------------+----------------------------+--------------+
Note: For table entries with two numbers listed, the numbers in parentheses indicate the number of resources of the given type used by the specific entity alone. The numbers listed outside of parentheses indicate the total resources of the given type used by the specific entity and all of its sub-entities in the hierarchy.


+-----------------------------------------------------+
; Analysis & Synthesis DSP Block Usage Summary        ;
+---------------------------------------+-------------+
; Statistic                             ; Number Used ;
+---------------------------------------+-------------+
; Simple Multipliers (9-bit)            ; 16          ;
; Simple Multipliers (18-bit)           ; 0           ;
; Embedded Multiplier Blocks            ; --          ;
; Embedded Multiplier 9-bit elements    ; 16          ;
; Signed Embedded Multipliers           ; 16          ;
; Unsigned Embedded Multipliers         ; 0           ;
; Mixed Sign Embedded Multipliers       ; 0           ;
; Variable Sign Embedded Multipliers    ; 0           ;
; Dedicated Input Shift Register Chains ; 0           ;
+---------------------------------------+-------------+
Note: number of Embedded Multiplier Blocks used is only available after a successful fit.


+------------------------------------------------------+
; General Register Statistics                          ;
+----------------------------------------------+-------+
; Statistic                                    ; Value ;
+----------------------------------------------+-------+
; Total registers                              ; 288   ;
; Number of registers using Synchronous Clear  ; 0     ;
; Number of registers using Synchronous Load   ; 0     ;
; Number of registers using Asynchronous Clear ; 0     ;
; Number of registers using Asynchronous Load  ; 0     ;
; Number of registers using Clock Enable       ; 0     ;
; Number of registers using Preset             ; 0     ;
+----------------------------------------------+-------+


+-------------------------------------------------------------------------------------+
; Parameter Settings for Inferred Entity Instance: int8_matvec_4x4:dut|lpm_mult:Mult3 ;
+------------------------------------------------+----------+-------------------------+
; Parameter Name                                 ; Value    ; Type                    ;
+------------------------------------------------+----------+-------------------------+
; AUTO_CARRY_CHAINS                              ; ON       ; AUTO_CARRY              ;
; IGNORE_CARRY_BUFFERS                           ; OFF      ; IGNORE_CARRY            ;
; AUTO_CASCADE_CHAINS                            ; ON       ; AUTO_CASCADE            ;
; IGNORE_CASCADE_BUFFERS                         ; OFF      ; IGNORE_CASCADE          ;
; LPM_WIDTHA                                     ; 8        ; Untyped                 ;
; LPM_WIDTHB                                     ; 8        ; Untyped                 ;
; LPM_WIDTHP                                     ; 16       ; Untyped                 ;
; LPM_WIDTHR                                     ; 16       ; Untyped                 ;
; LPM_WIDTHS                                     ; 1        ; Untyped                 ;
; LPM_REPRESENTATION                             ; SIGNED   ; Untyped                 ;
; LPM_PIPELINE                                   ; 0        ; Untyped                 ;
; LATENCY                                        ; 0        ; Untyped                 ;
; INPUT_A_IS_CONSTANT                            ; NO       ; Untyped                 ;
; INPUT_B_IS_CONSTANT                            ; NO       ; Untyped                 ;
; USE_EAB                                        ; OFF      ; Untyped                 ;
; MAXIMIZE_SPEED                                 ; 5        ; Untyped                 ;
; DEVICE_FAMILY                                  ; MAX 10   ; Untyped                 ;
; CARRY_CHAIN                                    ; MANUAL   ; Untyped                 ;
; APEX20K_TECHNOLOGY_MAPPER                      ; LUT      ; TECH_MAPPER_APEX20K     ;
; DEDICATED_MULTIPLIER_CIRCUITRY                 ; AUTO     ; Untyped                 ;
; DEDICATED_MULTIPLIER_MIN_INPUT_WIDTH_FOR_AUTO  ; 0        ; Untyped                 ;
; DEDICATED_MULTIPLIER_MIN_OUTPUT_WIDTH_FOR_AUTO ; 0        ; Untyped                 ;
; CBXI_PARAMETER                                 ; mult_tds ; Untyped                 ;
; INPUT_A_FIXED_VALUE                            ; Bx       ; Untyped                 ;
; INPUT_B_FIXED_VALUE                            ; Bx       ; Untyped                 ;
; USE_AHDL_IMPLEMENTATION                        ; OFF      ; Untyped                 ;
+------------------------------------------------+----------+-------------------------+
Note: In order to hide this table in the UI and the text report file, please set the "Show Parameter Settings in Synthesis Report" option in "Analysis and Synthesis Settings -> More Settings" to "Off".


+-------------------------------------------------------------------------------------+
; Parameter Settings for Inferred Entity Instance: int8_matvec_4x4:dut|lpm_mult:Mult7 ;
+------------------------------------------------+----------+-------------------------+
; Parameter Name                                 ; Value    ; Type                    ;
+------------------------------------------------+----------+-------------------------+
; AUTO_CARRY_CHAINS                              ; ON       ; AUTO_CARRY              ;
; IGNORE_CARRY_BUFFERS                           ; OFF      ; IGNORE_CARRY            ;
; AUTO_CASCADE_CHAINS                            ; ON       ; AUTO_CASCADE            ;
; IGNORE_CASCADE_BUFFERS                         ; OFF      ; IGNORE_CASCADE          ;
; LPM_WIDTHA                                     ; 8        ; Untyped                 ;
; LPM_WIDTHB                                     ; 8        ; Untyped                 ;
; LPM_WIDTHP                                     ; 16       ; Untyped                 ;
; LPM_WIDTHR                                     ; 16       ; Untyped                 ;
; LPM_WIDTHS                                     ; 1        ; Untyped                 ;
; LPM_REPRESENTATION                             ; SIGNED   ; Untyped                 ;
; LPM_PIPELINE                                   ; 0        ; Untyped                 ;
; LATENCY                                        ; 0        ; Untyped                 ;
; INPUT_A_IS_CONSTANT                            ; NO       ; Untyped                 ;
; INPUT_B_IS_CONSTANT                            ; NO       ; Untyped                 ;
; USE_EAB                                        ; OFF      ; Untyped                 ;
; MAXIMIZE_SPEED                                 ; 5        ; Untyped                 ;
; DEVICE_FAMILY                                  ; MAX 10   ; Untyped                 ;
; CARRY_CHAIN                                    ; MANUAL   ; Untyped                 ;
; APEX20K_TECHNOLOGY_MAPPER                      ; LUT      ; TECH_MAPPER_APEX20K     ;
; DEDICATED_MULTIPLIER_CIRCUITRY                 ; AUTO     ; Untyped                 ;
; DEDICATED_MULTIPLIER_MIN_INPUT_WIDTH_FOR_AUTO  ; 0        ; Untyped                 ;
; DEDICATED_MULTIPLIER_MIN_OUTPUT_WIDTH_FOR_AUTO ; 0        ; Untyped                 ;
; CBXI_PARAMETER                                 ; mult_tds ; Untyped                 ;
; INPUT_A_FIXED_VALUE                            ; Bx       ; Untyped                 ;
; INPUT_B_FIXED_VALUE                            ; Bx       ; Untyped                 ;
; USE_AHDL_IMPLEMENTATION                        ; OFF      ; Untyped                 ;
+------------------------------------------------+----------+-------------------------+
Note: In order to hide this table in the UI and the text report file, please set the "Show Parameter Settings in Synthesis Report" option in "Analysis and Synthesis Settings -> More Settings" to "Off".


+--------------------------------------------------------------------------------------+
; Parameter Settings for Inferred Entity Instance: int8_matvec_4x4:dut|lpm_mult:Mult11 ;
+------------------------------------------------+----------+--------------------------+
; Parameter Name                                 ; Value    ; Type                     ;
+------------------------------------------------+----------+--------------------------+
; AUTO_CARRY_CHAINS                              ; ON       ; AUTO_CARRY               ;
; IGNORE_CARRY_BUFFERS                           ; OFF      ; IGNORE_CARRY             ;
; AUTO_CASCADE_CHAINS                            ; ON       ; AUTO_CASCADE             ;
; IGNORE_CASCADE_BUFFERS                         ; OFF      ; IGNORE_CASCADE           ;
; LPM_WIDTHA                                     ; 8        ; Untyped                  ;
; LPM_WIDTHB                                     ; 8        ; Untyped                  ;
; LPM_WIDTHP                                     ; 16       ; Untyped                  ;
; LPM_WIDTHR                                     ; 16       ; Untyped                  ;
; LPM_WIDTHS                                     ; 1        ; Untyped                  ;
; LPM_REPRESENTATION                             ; SIGNED   ; Untyped                  ;
; LPM_PIPELINE                                   ; 0        ; Untyped                  ;
; LATENCY                                        ; 0        ; Untyped                  ;
; INPUT_A_IS_CONSTANT                            ; NO       ; Untyped                  ;
; INPUT_B_IS_CONSTANT                            ; NO       ; Untyped                  ;
; USE_EAB                                        ; OFF      ; Untyped                  ;
; MAXIMIZE_SPEED                                 ; 5        ; Untyped                  ;
; DEVICE_FAMILY                                  ; MAX 10   ; Untyped                  ;
; CARRY_CHAIN                                    ; MANUAL   ; Untyped                  ;
; APEX20K_TECHNOLOGY_MAPPER                      ; LUT      ; TECH_MAPPER_APEX20K      ;
; DEDICATED_MULTIPLIER_CIRCUITRY                 ; AUTO     ; Untyped                  ;
; DEDICATED_MULTIPLIER_MIN_INPUT_WIDTH_FOR_AUTO  ; 0        ; Untyped                  ;
; DEDICATED_MULTIPLIER_MIN_OUTPUT_WIDTH_FOR_AUTO ; 0        ; Untyped                  ;
; CBXI_PARAMETER                                 ; mult_tds ; Untyped                  ;
; INPUT_A_FIXED_VALUE                            ; Bx       ; Untyped                  ;
; INPUT_B_FIXED_VALUE                            ; Bx       ; Untyped                  ;
; USE_AHDL_IMPLEMENTATION                        ; OFF      ; Untyped                  ;
+------------------------------------------------+----------+--------------------------+
Note: In order to hide this table in the UI and the text report file, please set the "Show Parameter Settings in Synthesis Report" option in "Analysis and Synthesis Settings -> More Settings" to "Off".


+--------------------------------------------------------------------------------------+
; Parameter Settings for Inferred Entity Instance: int8_matvec_4x4:dut|lpm_mult:Mult15 ;
+------------------------------------------------+----------+--------------------------+
; Parameter Name                                 ; Value    ; Type                     ;
+------------------------------------------------+----------+--------------------------+
; AUTO_CARRY_CHAINS                              ; ON       ; AUTO_CARRY               ;
; IGNORE_CARRY_BUFFERS                           ; OFF      ; IGNORE_CARRY             ;
; AUTO_CASCADE_CHAINS                            ; ON       ; AUTO_CASCADE             ;
; IGNORE_CASCADE_BUFFERS                         ; OFF      ; IGNORE_CASCADE           ;
; LPM_WIDTHA                                     ; 8        ; Untyped                  ;
; LPM_WIDTHB                                     ; 8        ; Untyped                  ;
; LPM_WIDTHP                                     ; 16       ; Untyped                  ;
; LPM_WIDTHR                                     ; 16       ; Untyped                  ;
; LPM_WIDTHS                                     ; 1        ; Untyped                  ;
; LPM_REPRESENTATION                             ; SIGNED   ; Untyped                  ;
; LPM_PIPELINE                                   ; 0        ; Untyped                  ;
; LATENCY                                        ; 0        ; Untyped                  ;
; INPUT_A_IS_CONSTANT                            ; NO       ; Untyped                  ;
; INPUT_B_IS_CONSTANT                            ; NO       ; Untyped                  ;
; USE_EAB                                        ; OFF      ; Untyped                  ;
; MAXIMIZE_SPEED                                 ; 5        ; Untyped                  ;
; DEVICE_FAMILY                                  ; MAX 10   ; Untyped                  ;
; CARRY_CHAIN                                    ; MANUAL   ; Untyped                  ;
; APEX20K_TECHNOLOGY_MAPPER                      ; LUT      ; TECH_MAPPER_APEX20K      ;
; DEDICATED_MULTIPLIER_CIRCUITRY                 ; AUTO     ; Untyped                  ;
; DEDICATED_MULTIPLIER_MIN_INPUT_WIDTH_FOR_AUTO  ; 0        ; Untyped                  ;
; DEDICATED_MULTIPLIER_MIN_OUTPUT_WIDTH_FOR_AUTO ; 0        ; Untyped                  ;
; CBXI_PARAMETER                                 ; mult_tds ; Untyped                  ;
; INPUT_A_FIXED_VALUE                            ; Bx       ; Untyped                  ;
; INPUT_B_FIXED_VALUE                            ; Bx       ; Untyped                  ;
; USE_AHDL_IMPLEMENTATION                        ; OFF      ; Untyped                  ;
+------------------------------------------------+----------+--------------------------+
Note: In order to hide this table in the UI and the text report file, please set the "Show Parameter Settings in Synthesis Report" option in "Analysis and Synthesis Settings -> More Settings" to "Off".


+-------------------------------------------------------------------------------------+
; Parameter Settings for Inferred Entity Instance: int8_matvec_4x4:dut|lpm_mult:Mult2 ;
+------------------------------------------------+----------+-------------------------+
; Parameter Name                                 ; Value    ; Type                    ;
+------------------------------------------------+----------+-------------------------+
; AUTO_CARRY_CHAINS                              ; ON       ; AUTO_CARRY              ;
; IGNORE_CARRY_BUFFERS                           ; OFF      ; IGNORE_CARRY            ;
; AUTO_CASCADE_CHAINS                            ; ON       ; AUTO_CASCADE            ;
; IGNORE_CASCADE_BUFFERS                         ; OFF      ; IGNORE_CASCADE          ;
; LPM_WIDTHA                                     ; 8        ; Untyped                 ;
; LPM_WIDTHB                                     ; 8        ; Untyped                 ;
; LPM_WIDTHP                                     ; 16       ; Untyped                 ;
; LPM_WIDTHR                                     ; 16       ; Untyped                 ;
; LPM_WIDTHS                                     ; 1        ; Untyped                 ;
; LPM_REPRESENTATION                             ; SIGNED   ; Untyped                 ;
; LPM_PIPELINE                                   ; 0        ; Untyped                 ;
; LATENCY                                        ; 0        ; Untyped                 ;
; INPUT_A_IS_CONSTANT                            ; NO       ; Untyped                 ;
; INPUT_B_IS_CONSTANT                            ; NO       ; Untyped                 ;
; USE_EAB                                        ; OFF      ; Untyped                 ;
; MAXIMIZE_SPEED                                 ; 5        ; Untyped                 ;
; DEVICE_FAMILY                                  ; MAX 10   ; Untyped                 ;
; CARRY_CHAIN                                    ; MANUAL   ; Untyped                 ;
; APEX20K_TECHNOLOGY_MAPPER                      ; LUT      ; TECH_MAPPER_APEX20K     ;
; DEDICATED_MULTIPLIER_CIRCUITRY                 ; AUTO     ; Untyped                 ;
; DEDICATED_MULTIPLIER_MIN_INPUT_WIDTH_FOR_AUTO  ; 0        ; Untyped                 ;
; DEDICATED_MULTIPLIER_MIN_OUTPUT_WIDTH_FOR_AUTO ; 0        ; Untyped                 ;
; CBXI_PARAMETER                                 ; mult_tds ; Untyped                 ;
; INPUT_A_FIXED_VALUE                            ; Bx       ; Untyped                 ;
; INPUT_B_FIXED_VALUE                            ; Bx       ; Untyped                 ;
; USE_AHDL_IMPLEMENTATION                        ; OFF      ; Untyped                 ;
+------------------------------------------------+----------+-------------------------+
Note: In order to hide this table in the UI and the text report file, please set the "Show Parameter Settings in Synthesis Report" option in "Analysis and Synthesis Settings -> More Settings" to "Off".


+-------------------------------------------------------------------------------------+
; Parameter Settings for Inferred Entity Instance: int8_matvec_4x4:dut|lpm_mult:Mult6 ;
+------------------------------------------------+----------+-------------------------+
; Parameter Name                                 ; Value    ; Type                    ;
+------------------------------------------------+----------+-------------------------+
; AUTO_CARRY_CHAINS                              ; ON       ; AUTO_CARRY              ;
; IGNORE_CARRY_BUFFERS                           ; OFF      ; IGNORE_CARRY            ;
; AUTO_CASCADE_CHAINS                            ; ON       ; AUTO_CASCADE            ;
; IGNORE_CASCADE_BUFFERS                         ; OFF      ; IGNORE_CASCADE          ;
; LPM_WIDTHA                                     ; 8        ; Untyped                 ;
; LPM_WIDTHB                                     ; 8        ; Untyped                 ;
; LPM_WIDTHP                                     ; 16       ; Untyped                 ;
; LPM_WIDTHR                                     ; 16       ; Untyped                 ;
; LPM_WIDTHS                                     ; 1        ; Untyped                 ;
; LPM_REPRESENTATION                             ; SIGNED   ; Untyped                 ;
; LPM_PIPELINE                                   ; 0        ; Untyped                 ;
; LATENCY                                        ; 0        ; Untyped                 ;
; INPUT_A_IS_CONSTANT                            ; NO       ; Untyped                 ;
; INPUT_B_IS_CONSTANT                            ; NO       ; Untyped                 ;
; USE_EAB                                        ; OFF      ; Untyped                 ;
; MAXIMIZE_SPEED                                 ; 5        ; Untyped                 ;
; DEVICE_FAMILY                                  ; MAX 10   ; Untyped                 ;
; CARRY_CHAIN                                    ; MANUAL   ; Untyped                 ;
; APEX20K_TECHNOLOGY_MAPPER                      ; LUT      ; TECH_MAPPER_APEX20K     ;
; DEDICATED_MULTIPLIER_CIRCUITRY                 ; AUTO     ; Untyped                 ;
; DEDICATED_MULTIPLIER_MIN_INPUT_WIDTH_FOR_AUTO  ; 0        ; Untyped                 ;
; DEDICATED_MULTIPLIER_MIN_OUTPUT_WIDTH_FOR_AUTO ; 0        ; Untyped                 ;
; CBXI_PARAMETER                                 ; mult_tds ; Untyped                 ;
; INPUT_A_FIXED_VALUE                            ; Bx       ; Untyped                 ;
; INPUT_B_FIXED_VALUE                            ; Bx       ; Untyped                 ;
; USE_AHDL_IMPLEMENTATION                        ; OFF      ; Untyped                 ;
+------------------------------------------------+----------+-------------------------+
Note: In order to hide this table in the UI and the text report file, please set the "Show Parameter Settings in Synthesis Report" option in "Analysis and Synthesis Settings -> More Settings" to "Off".


+--------------------------------------------------------------------------------------+
; Parameter Settings for Inferred Entity Instance: int8_matvec_4x4:dut|lpm_mult:Mult10 ;
+------------------------------------------------+----------+--------------------------+
; Parameter Name                                 ; Value    ; Type                     ;
+------------------------------------------------+----------+--------------------------+
; AUTO_CARRY_CHAINS                              ; ON       ; AUTO_CARRY               ;
; IGNORE_CARRY_BUFFERS                           ; OFF      ; IGNORE_CARRY             ;
; AUTO_CASCADE_CHAINS                            ; ON       ; AUTO_CASCADE             ;
; IGNORE_CASCADE_BUFFERS                         ; OFF      ; IGNORE_CASCADE           ;
; LPM_WIDTHA                                     ; 8        ; Untyped                  ;
; LPM_WIDTHB                                     ; 8        ; Untyped                  ;
; LPM_WIDTHP                                     ; 16       ; Untyped                  ;
; LPM_WIDTHR                                     ; 16       ; Untyped                  ;
; LPM_WIDTHS                                     ; 1        ; Untyped                  ;
; LPM_REPRESENTATION                             ; SIGNED   ; Untyped                  ;
; LPM_PIPELINE                                   ; 0        ; Untyped                  ;
; LATENCY                                        ; 0        ; Untyped                  ;
; INPUT_A_IS_CONSTANT                            ; NO       ; Untyped                  ;
; INPUT_B_IS_CONSTANT                            ; NO       ; Untyped                  ;
; USE_EAB                                        ; OFF      ; Untyped                  ;
; MAXIMIZE_SPEED                                 ; 5        ; Untyped                  ;
; DEVICE_FAMILY                                  ; MAX 10   ; Untyped                  ;
; CARRY_CHAIN                                    ; MANUAL   ; Untyped                  ;
; APEX20K_TECHNOLOGY_MAPPER                      ; LUT      ; TECH_MAPPER_APEX20K      ;
; DEDICATED_MULTIPLIER_CIRCUITRY                 ; AUTO     ; Untyped                  ;
; DEDICATED_MULTIPLIER_MIN_INPUT_WIDTH_FOR_AUTO  ; 0        ; Untyped                  ;
; DEDICATED_MULTIPLIER_MIN_OUTPUT_WIDTH_FOR_AUTO ; 0        ; Untyped                  ;
; CBXI_PARAMETER                                 ; mult_tds ; Untyped                  ;
; INPUT_A_FIXED_VALUE                            ; Bx       ; Untyped                  ;
; INPUT_B_FIXED_VALUE                            ; Bx       ; Untyped                  ;
; USE_AHDL_IMPLEMENTATION                        ; OFF      ; Untyped                  ;
+------------------------------------------------+----------+--------------------------+
Note: In order to hide this table in the UI and the text report file, please set the "Show Parameter Settings in Synthesis Report" option in "Analysis and Synthesis Settings -> More Settings" to "Off".


+--------------------------------------------------------------------------------------+
; Parameter Settings for Inferred Entity Instance: int8_matvec_4x4:dut|lpm_mult:Mult14 ;
+------------------------------------------------+----------+--------------------------+
; Parameter Name                                 ; Value    ; Type                     ;
+------------------------------------------------+----------+--------------------------+
; AUTO_CARRY_CHAINS                              ; ON       ; AUTO_CARRY               ;
; IGNORE_CARRY_BUFFERS                           ; OFF      ; IGNORE_CARRY             ;
; AUTO_CASCADE_CHAINS                            ; ON       ; AUTO_CASCADE             ;
; IGNORE_CASCADE_BUFFERS                         ; OFF      ; IGNORE_CASCADE           ;
; LPM_WIDTHA                                     ; 8        ; Untyped                  ;
; LPM_WIDTHB                                     ; 8        ; Untyped                  ;
; LPM_WIDTHP                                     ; 16       ; Untyped                  ;
; LPM_WIDTHR                                     ; 16       ; Untyped                  ;
; LPM_WIDTHS                                     ; 1        ; Untyped                  ;
; LPM_REPRESENTATION                             ; SIGNED   ; Untyped                  ;
; LPM_PIPELINE                                   ; 0        ; Untyped                  ;
; LATENCY                                        ; 0        ; Untyped                  ;
; INPUT_A_IS_CONSTANT                            ; NO       ; Untyped                  ;
; INPUT_B_IS_CONSTANT                            ; NO       ; Untyped                  ;
; USE_EAB                                        ; OFF      ; Untyped                  ;
; MAXIMIZE_SPEED                                 ; 5        ; Untyped                  ;
; DEVICE_FAMILY                                  ; MAX 10   ; Untyped                  ;
; CARRY_CHAIN                                    ; MANUAL   ; Untyped                  ;
; APEX20K_TECHNOLOGY_MAPPER                      ; LUT      ; TECH_MAPPER_APEX20K      ;
; DEDICATED_MULTIPLIER_CIRCUITRY                 ; AUTO     ; Untyped                  ;
; DEDICATED_MULTIPLIER_MIN_INPUT_WIDTH_FOR_AUTO  ; 0        ; Untyped                  ;
; DEDICATED_MULTIPLIER_MIN_OUTPUT_WIDTH_FOR_AUTO ; 0        ; Untyped                  ;
; CBXI_PARAMETER                                 ; mult_tds ; Untyped                  ;
; INPUT_A_FIXED_VALUE                            ; Bx       ; Untyped                  ;
; INPUT_B_FIXED_VALUE                            ; Bx       ; Untyped                  ;
; USE_AHDL_IMPLEMENTATION                        ; OFF      ; Untyped                  ;
+------------------------------------------------+----------+--------------------------+
Note: In order to hide this table in the UI and the text report file, please set the "Show Parameter Settings in Synthesis Report" option in "Analysis and Synthesis Settings -> More Settings" to "Off".


+-------------------------------------------------------------------------------------+
; Parameter Settings for Inferred Entity Instance: int8_matvec_4x4:dut|lpm_mult:Mult1 ;
+------------------------------------------------+----------+-------------------------+
; Parameter Name                                 ; Value    ; Type                    ;
+------------------------------------------------+----------+-------------------------+
; AUTO_CARRY_CHAINS                              ; ON       ; AUTO_CARRY              ;
; IGNORE_CARRY_BUFFERS                           ; OFF      ; IGNORE_CARRY            ;
; AUTO_CASCADE_CHAINS                            ; ON       ; AUTO_CASCADE            ;
; IGNORE_CASCADE_BUFFERS                         ; OFF      ; IGNORE_CASCADE          ;
; LPM_WIDTHA                                     ; 8        ; Untyped                 ;
; LPM_WIDTHB                                     ; 8        ; Untyped                 ;
; LPM_WIDTHP                                     ; 16       ; Untyped                 ;
; LPM_WIDTHR                                     ; 16       ; Untyped                 ;
; LPM_WIDTHS                                     ; 1        ; Untyped                 ;
; LPM_REPRESENTATION                             ; SIGNED   ; Untyped                 ;
; LPM_PIPELINE                                   ; 0        ; Untyped                 ;
; LATENCY                                        ; 0        ; Untyped                 ;
; INPUT_A_IS_CONSTANT                            ; NO       ; Untyped                 ;
; INPUT_B_IS_CONSTANT                            ; NO       ; Untyped                 ;
; USE_EAB                                        ; OFF      ; Untyped                 ;
; MAXIMIZE_SPEED                                 ; 5        ; Untyped                 ;
; DEVICE_FAMILY                                  ; MAX 10   ; Untyped                 ;
; CARRY_CHAIN                                    ; MANUAL   ; Untyped                 ;
; APEX20K_TECHNOLOGY_MAPPER                      ; LUT      ; TECH_MAPPER_APEX20K     ;
; DEDICATED_MULTIPLIER_CIRCUITRY                 ; AUTO     ; Untyped                 ;
; DEDICATED_MULTIPLIER_MIN_INPUT_WIDTH_FOR_AUTO  ; 0        ; Untyped                 ;
; DEDICATED_MULTIPLIER_MIN_OUTPUT_WIDTH_FOR_AUTO ; 0        ; Untyped                 ;
; CBXI_PARAMETER                                 ; mult_tds ; Untyped                 ;
; INPUT_A_FIXED_VALUE                            ; Bx       ; Untyped                 ;
; INPUT_B_FIXED_VALUE                            ; Bx       ; Untyped                 ;
; USE_AHDL_IMPLEMENTATION                        ; OFF      ; Untyped                 ;
+------------------------------------------------+----------+-------------------------+
Note: In order to hide this table in the UI and the text report file, please set the "Show Parameter Settings in Synthesis Report" option in "Analysis and Synthesis Settings -> More Settings" to "Off".


+-------------------------------------------------------------------------------------+
; Parameter Settings for Inferred Entity Instance: int8_matvec_4x4:dut|lpm_mult:Mult0 ;
+------------------------------------------------+----------+-------------------------+
; Parameter Name                                 ; Value    ; Type                    ;
+------------------------------------------------+----------+-------------------------+
; AUTO_CARRY_CHAINS                              ; ON       ; AUTO_CARRY              ;
; IGNORE_CARRY_BUFFERS                           ; OFF      ; IGNORE_CARRY            ;
; AUTO_CASCADE_CHAINS                            ; ON       ; AUTO_CASCADE            ;
; IGNORE_CASCADE_BUFFERS                         ; OFF      ; IGNORE_CASCADE          ;
; LPM_WIDTHA                                     ; 8        ; Untyped                 ;
; LPM_WIDTHB                                     ; 8        ; Untyped                 ;
; LPM_WIDTHP                                     ; 16       ; Untyped                 ;
; LPM_WIDTHR                                     ; 16       ; Untyped                 ;
; LPM_WIDTHS                                     ; 1        ; Untyped                 ;
; LPM_REPRESENTATION                             ; SIGNED   ; Untyped                 ;
; LPM_PIPELINE                                   ; 0        ; Untyped                 ;
; LATENCY                                        ; 0        ; Untyped                 ;
; INPUT_A_IS_CONSTANT                            ; NO       ; Untyped                 ;
; INPUT_B_IS_CONSTANT                            ; NO       ; Untyped                 ;
; USE_EAB                                        ; OFF      ; Untyped                 ;
; MAXIMIZE_SPEED                                 ; 5        ; Untyped                 ;
; DEVICE_FAMILY                                  ; MAX 10   ; Untyped                 ;
; CARRY_CHAIN                                    ; MANUAL   ; Untyped                 ;
; APEX20K_TECHNOLOGY_MAPPER                      ; LUT      ; TECH_MAPPER_APEX20K     ;
; DEDICATED_MULTIPLIER_CIRCUITRY                 ; AUTO     ; Untyped                 ;
; DEDICATED_MULTIPLIER_MIN_INPUT_WIDTH_FOR_AUTO  ; 0        ; Untyped                 ;
; DEDICATED_MULTIPLIER_MIN_OUTPUT_WIDTH_FOR_AUTO ; 0        ; Untyped                 ;
; CBXI_PARAMETER                                 ; mult_tds ; Untyped                 ;
; INPUT_A_FIXED_VALUE                            ; Bx       ; Untyped                 ;
; INPUT_B_FIXED_VALUE                            ; Bx       ; Untyped                 ;
; USE_AHDL_IMPLEMENTATION                        ; OFF      ; Untyped                 ;
+------------------------------------------------+----------+-------------------------+
Note: In order to hide this table in the UI and the text report file, please set the "Show Parameter Settings in Synthesis Report" option in "Analysis and Synthesis Settings -> More Settings" to "Off".


+-------------------------------------------------------------------------------------+
; Parameter Settings for Inferred Entity Instance: int8_matvec_4x4:dut|lpm_mult:Mult5 ;
+------------------------------------------------+----------+-------------------------+
; Parameter Name                                 ; Value    ; Type                    ;
+------------------------------------------------+----------+-------------------------+
; AUTO_CARRY_CHAINS                              ; ON       ; AUTO_CARRY              ;
; IGNORE_CARRY_BUFFERS                           ; OFF      ; IGNORE_CARRY            ;
; AUTO_CASCADE_CHAINS                            ; ON       ; AUTO_CASCADE            ;
; IGNORE_CASCADE_BUFFERS                         ; OFF      ; IGNORE_CASCADE          ;
; LPM_WIDTHA                                     ; 8        ; Untyped                 ;
; LPM_WIDTHB                                     ; 8        ; Untyped                 ;
; LPM_WIDTHP                                     ; 16       ; Untyped                 ;
; LPM_WIDTHR                                     ; 16       ; Untyped                 ;
; LPM_WIDTHS                                     ; 1        ; Untyped                 ;
; LPM_REPRESENTATION                             ; SIGNED   ; Untyped                 ;
; LPM_PIPELINE                                   ; 0        ; Untyped                 ;
; LATENCY                                        ; 0        ; Untyped                 ;
; INPUT_A_IS_CONSTANT                            ; NO       ; Untyped                 ;
; INPUT_B_IS_CONSTANT                            ; NO       ; Untyped                 ;
; USE_EAB                                        ; OFF      ; Untyped                 ;
; MAXIMIZE_SPEED                                 ; 5        ; Untyped                 ;
; DEVICE_FAMILY                                  ; MAX 10   ; Untyped                 ;
; CARRY_CHAIN                                    ; MANUAL   ; Untyped                 ;
; APEX20K_TECHNOLOGY_MAPPER                      ; LUT      ; TECH_MAPPER_APEX20K     ;
; DEDICATED_MULTIPLIER_CIRCUITRY                 ; AUTO     ; Untyped                 ;
; DEDICATED_MULTIPLIER_MIN_INPUT_WIDTH_FOR_AUTO  ; 0        ; Untyped                 ;
; DEDICATED_MULTIPLIER_MIN_OUTPUT_WIDTH_FOR_AUTO ; 0        ; Untyped                 ;
; CBXI_PARAMETER                                 ; mult_tds ; Untyped                 ;
; INPUT_A_FIXED_VALUE                            ; Bx       ; Untyped                 ;
; INPUT_B_FIXED_VALUE                            ; Bx       ; Untyped                 ;
; USE_AHDL_IMPLEMENTATION                        ; OFF      ; Untyped                 ;
+------------------------------------------------+----------+-------------------------+
Note: In order to hide this table in the UI and the text report file, please set the "Show Parameter Settings in Synthesis Report" option in "Analysis and Synthesis Settings -> More Settings" to "Off".


+-------------------------------------------------------------------------------------+
; Parameter Settings for Inferred Entity Instance: int8_matvec_4x4:dut|lpm_mult:Mult4 ;
+------------------------------------------------+----------+-------------------------+
; Parameter Name                                 ; Value    ; Type                    ;
+------------------------------------------------+----------+-------------------------+
; AUTO_CARRY_CHAINS                              ; ON       ; AUTO_CARRY              ;
; IGNORE_CARRY_BUFFERS                           ; OFF      ; IGNORE_CARRY            ;
; AUTO_CASCADE_CHAINS                            ; ON       ; AUTO_CASCADE            ;
; IGNORE_CASCADE_BUFFERS                         ; OFF      ; IGNORE_CASCADE          ;
; LPM_WIDTHA                                     ; 8        ; Untyped                 ;
; LPM_WIDTHB                                     ; 8        ; Untyped                 ;
; LPM_WIDTHP                                     ; 16       ; Untyped                 ;
; LPM_WIDTHR                                     ; 16       ; Untyped                 ;
; LPM_WIDTHS                                     ; 1        ; Untyped                 ;
; LPM_REPRESENTATION                             ; SIGNED   ; Untyped                 ;
; LPM_PIPELINE                                   ; 0        ; Untyped                 ;
; LATENCY                                        ; 0        ; Untyped                 ;
; INPUT_A_IS_CONSTANT                            ; NO       ; Untyped                 ;
; INPUT_B_IS_CONSTANT                            ; NO       ; Untyped                 ;
; USE_EAB                                        ; OFF      ; Untyped                 ;
; MAXIMIZE_SPEED                                 ; 5        ; Untyped                 ;
; DEVICE_FAMILY                                  ; MAX 10   ; Untyped                 ;
; CARRY_CHAIN                                    ; MANUAL   ; Untyped                 ;
; APEX20K_TECHNOLOGY_MAPPER                      ; LUT      ; TECH_MAPPER_APEX20K     ;
; DEDICATED_MULTIPLIER_CIRCUITRY                 ; AUTO     ; Untyped                 ;
; DEDICATED_MULTIPLIER_MIN_INPUT_WIDTH_FOR_AUTO  ; 0        ; Untyped                 ;
; DEDICATED_MULTIPLIER_MIN_OUTPUT_WIDTH_FOR_AUTO ; 0        ; Untyped                 ;
; CBXI_PARAMETER                                 ; mult_tds ; Untyped                 ;
; INPUT_A_FIXED_VALUE                            ; Bx       ; Untyped                 ;
; INPUT_B_FIXED_VALUE                            ; Bx       ; Untyped                 ;
; USE_AHDL_IMPLEMENTATION                        ; OFF      ; Untyped                 ;
+------------------------------------------------+----------+-------------------------+
Note: In order to hide this table in the UI and the text report file, please set the "Show Parameter Settings in Synthesis Report" option in "Analysis and Synthesis Settings -> More Settings" to "Off".


+-------------------------------------------------------------------------------------+
; Parameter Settings for Inferred Entity Instance: int8_matvec_4x4:dut|lpm_mult:Mult9 ;
+------------------------------------------------+----------+-------------------------+
; Parameter Name                                 ; Value    ; Type                    ;
+------------------------------------------------+----------+-------------------------+
; AUTO_CARRY_CHAINS                              ; ON       ; AUTO_CARRY              ;
; IGNORE_CARRY_BUFFERS                           ; OFF      ; IGNORE_CARRY            ;
; AUTO_CASCADE_CHAINS                            ; ON       ; AUTO_CASCADE            ;
; IGNORE_CASCADE_BUFFERS                         ; OFF      ; IGNORE_CASCADE          ;
; LPM_WIDTHA                                     ; 8        ; Untyped                 ;
; LPM_WIDTHB                                     ; 8        ; Untyped                 ;
; LPM_WIDTHP                                     ; 16       ; Untyped                 ;
; LPM_WIDTHR                                     ; 16       ; Untyped                 ;
; LPM_WIDTHS                                     ; 1        ; Untyped                 ;
; LPM_REPRESENTATION                             ; SIGNED   ; Untyped                 ;
; LPM_PIPELINE                                   ; 0        ; Untyped                 ;
; LATENCY                                        ; 0        ; Untyped                 ;
; INPUT_A_IS_CONSTANT                            ; NO       ; Untyped                 ;
; INPUT_B_IS_CONSTANT                            ; NO       ; Untyped                 ;
; USE_EAB                                        ; OFF      ; Untyped                 ;
; MAXIMIZE_SPEED                                 ; 5        ; Untyped                 ;
; DEVICE_FAMILY                                  ; MAX 10   ; Untyped                 ;
; CARRY_CHAIN                                    ; MANUAL   ; Untyped                 ;
; APEX20K_TECHNOLOGY_MAPPER                      ; LUT      ; TECH_MAPPER_APEX20K     ;
; DEDICATED_MULTIPLIER_CIRCUITRY                 ; AUTO     ; Untyped                 ;
; DEDICATED_MULTIPLIER_MIN_INPUT_WIDTH_FOR_AUTO  ; 0        ; Untyped                 ;
; DEDICATED_MULTIPLIER_MIN_OUTPUT_WIDTH_FOR_AUTO ; 0        ; Untyped                 ;
; CBXI_PARAMETER                                 ; mult_tds ; Untyped                 ;
; INPUT_A_FIXED_VALUE                            ; Bx       ; Untyped                 ;
; INPUT_B_FIXED_VALUE                            ; Bx       ; Untyped                 ;
; USE_AHDL_IMPLEMENTATION                        ; OFF      ; Untyped                 ;
+------------------------------------------------+----------+-------------------------+
Note: In order to hide this table in the UI and the text report file, please set the "Show Parameter Settings in Synthesis Report" option in "Analysis and Synthesis Settings -> More Settings" to "Off".


+-------------------------------------------------------------------------------------+
; Parameter Settings for Inferred Entity Instance: int8_matvec_4x4:dut|lpm_mult:Mult8 ;
+------------------------------------------------+----------+-------------------------+
; Parameter Name                                 ; Value    ; Type                    ;
+------------------------------------------------+----------+-------------------------+
; AUTO_CARRY_CHAINS                              ; ON       ; AUTO_CARRY              ;
; IGNORE_CARRY_BUFFERS                           ; OFF      ; IGNORE_CARRY            ;
; AUTO_CASCADE_CHAINS                            ; ON       ; AUTO_CASCADE            ;
; IGNORE_CASCADE_BUFFERS                         ; OFF      ; IGNORE_CASCADE          ;
; LPM_WIDTHA                                     ; 8        ; Untyped                 ;
; LPM_WIDTHB                                     ; 8        ; Untyped                 ;
; LPM_WIDTHP                                     ; 16       ; Untyped                 ;
; LPM_WIDTHR                                     ; 16       ; Untyped                 ;
; LPM_WIDTHS                                     ; 1        ; Untyped                 ;
; LPM_REPRESENTATION                             ; SIGNED   ; Untyped                 ;
; LPM_PIPELINE                                   ; 0        ; Untyped                 ;
; LATENCY                                        ; 0        ; Untyped                 ;
; INPUT_A_IS_CONSTANT                            ; NO       ; Untyped                 ;
; INPUT_B_IS_CONSTANT                            ; NO       ; Untyped                 ;
; USE_EAB                                        ; OFF      ; Untyped                 ;
; MAXIMIZE_SPEED                                 ; 5        ; Untyped                 ;
; DEVICE_FAMILY                                  ; MAX 10   ; Untyped                 ;
; CARRY_CHAIN                                    ; MANUAL   ; Untyped                 ;
; APEX20K_TECHNOLOGY_MAPPER                      ; LUT      ; TECH_MAPPER_APEX20K     ;
; DEDICATED_MULTIPLIER_CIRCUITRY                 ; AUTO     ; Untyped                 ;
; DEDICATED_MULTIPLIER_MIN_INPUT_WIDTH_FOR_AUTO  ; 0        ; Untyped                 ;
; DEDICATED_MULTIPLIER_MIN_OUTPUT_WIDTH_FOR_AUTO ; 0        ; Untyped                 ;
; CBXI_PARAMETER                                 ; mult_tds ; Untyped                 ;
; INPUT_A_FIXED_VALUE                            ; Bx       ; Untyped                 ;
; INPUT_B_FIXED_VALUE                            ; Bx       ; Untyped                 ;
; USE_AHDL_IMPLEMENTATION                        ; OFF      ; Untyped                 ;
+------------------------------------------------+----------+-------------------------+
Note: In order to hide this table in the UI and the text report file, please set the "Show Parameter Settings in Synthesis Report" option in "Analysis and Synthesis Settings -> More Settings" to "Off".


+--------------------------------------------------------------------------------------+
; Parameter Settings for Inferred Entity Instance: int8_matvec_4x4:dut|lpm_mult:Mult13 ;
+------------------------------------------------+----------+--------------------------+
; Parameter Name                                 ; Value    ; Type                     ;
+------------------------------------------------+----------+--------------------------+
; AUTO_CARRY_CHAINS                              ; ON       ; AUTO_CARRY               ;
; IGNORE_CARRY_BUFFERS                           ; OFF      ; IGNORE_CARRY             ;
; AUTO_CASCADE_CHAINS                            ; ON       ; AUTO_CASCADE             ;
; IGNORE_CASCADE_BUFFERS                         ; OFF      ; IGNORE_CASCADE           ;
; LPM_WIDTHA                                     ; 8        ; Untyped                  ;
; LPM_WIDTHB                                     ; 8        ; Untyped                  ;
; LPM_WIDTHP                                     ; 16       ; Untyped                  ;
; LPM_WIDTHR                                     ; 16       ; Untyped                  ;
; LPM_WIDTHS                                     ; 1        ; Untyped                  ;
; LPM_REPRESENTATION                             ; SIGNED   ; Untyped                  ;
; LPM_PIPELINE                                   ; 0        ; Untyped                  ;
; LATENCY                                        ; 0        ; Untyped                  ;
; INPUT_A_IS_CONSTANT                            ; NO       ; Untyped                  ;
; INPUT_B_IS_CONSTANT                            ; NO       ; Untyped                  ;
; USE_EAB                                        ; OFF      ; Untyped                  ;
; MAXIMIZE_SPEED                                 ; 5        ; Untyped                  ;
; DEVICE_FAMILY                                  ; MAX 10   ; Untyped                  ;
; CARRY_CHAIN                                    ; MANUAL   ; Untyped                  ;
; APEX20K_TECHNOLOGY_MAPPER                      ; LUT      ; TECH_MAPPER_APEX20K      ;
; DEDICATED_MULTIPLIER_CIRCUITRY                 ; AUTO     ; Untyped                  ;
; DEDICATED_MULTIPLIER_MIN_INPUT_WIDTH_FOR_AUTO  ; 0        ; Untyped                  ;
; DEDICATED_MULTIPLIER_MIN_OUTPUT_WIDTH_FOR_AUTO ; 0        ; Untyped                  ;
; CBXI_PARAMETER                                 ; mult_tds ; Untyped                  ;
; INPUT_A_FIXED_VALUE                            ; Bx       ; Untyped                  ;
; INPUT_B_FIXED_VALUE                            ; Bx       ; Untyped                  ;
; USE_AHDL_IMPLEMENTATION                        ; OFF      ; Untyped                  ;
+------------------------------------------------+----------+--------------------------+
Note: In order to hide this table in the UI and the text report file, please set the "Show Parameter Settings in Synthesis Report" option in "Analysis and Synthesis Settings -> More Settings" to "Off".


+--------------------------------------------------------------------------------------+
; Parameter Settings for Inferred Entity Instance: int8_matvec_4x4:dut|lpm_mult:Mult12 ;
+------------------------------------------------+----------+--------------------------+
; Parameter Name                                 ; Value    ; Type                     ;
+------------------------------------------------+----------+--------------------------+
; AUTO_CARRY_CHAINS                              ; ON       ; AUTO_CARRY               ;
; IGNORE_CARRY_BUFFERS                           ; OFF      ; IGNORE_CARRY             ;
; AUTO_CASCADE_CHAINS                            ; ON       ; AUTO_CASCADE             ;
; IGNORE_CASCADE_BUFFERS                         ; OFF      ; IGNORE_CASCADE           ;
; LPM_WIDTHA                                     ; 8        ; Untyped                  ;
; LPM_WIDTHB                                     ; 8        ; Untyped                  ;
; LPM_WIDTHP                                     ; 16       ; Untyped                  ;
; LPM_WIDTHR                                     ; 16       ; Untyped                  ;
; LPM_WIDTHS                                     ; 1        ; Untyped                  ;
; LPM_REPRESENTATION                             ; SIGNED   ; Untyped                  ;
; LPM_PIPELINE                                   ; 0        ; Untyped                  ;
; LATENCY                                        ; 0        ; Untyped                  ;
; INPUT_A_IS_CONSTANT                            ; NO       ; Untyped                  ;
; INPUT_B_IS_CONSTANT                            ; NO       ; Untyped                  ;
; USE_EAB                                        ; OFF      ; Untyped                  ;
; MAXIMIZE_SPEED                                 ; 5        ; Untyped                  ;
; DEVICE_FAMILY                                  ; MAX 10   ; Untyped                  ;
; CARRY_CHAIN                                    ; MANUAL   ; Untyped                  ;
; APEX20K_TECHNOLOGY_MAPPER                      ; LUT      ; TECH_MAPPER_APEX20K      ;
; DEDICATED_MULTIPLIER_CIRCUITRY                 ; AUTO     ; Untyped                  ;
; DEDICATED_MULTIPLIER_MIN_INPUT_WIDTH_FOR_AUTO  ; 0        ; Untyped                  ;
; DEDICATED_MULTIPLIER_MIN_OUTPUT_WIDTH_FOR_AUTO ; 0        ; Untyped                  ;
; CBXI_PARAMETER                                 ; mult_tds ; Untyped                  ;
; INPUT_A_FIXED_VALUE                            ; Bx       ; Untyped                  ;
; INPUT_B_FIXED_VALUE                            ; Bx       ; Untyped                  ;
; USE_AHDL_IMPLEMENTATION                        ; OFF      ; Untyped                  ;
+------------------------------------------------+----------+--------------------------+
Note: In order to hide this table in the UI and the text report file, please set the "Show Parameter Settings in Synthesis Report" option in "Analysis and Synthesis Settings -> More Settings" to "Off".


+-----------------------------------------------------------------------------+
; lpm_mult Parameter Settings by Entity Instance                              ;
+---------------------------------------+-------------------------------------+
; Name                                  ; Value                               ;
+---------------------------------------+-------------------------------------+
; Number of entity instances            ; 16                                  ;
; Entity Instance                       ; int8_matvec_4x4:dut|lpm_mult:Mult3  ;
;     -- LPM_WIDTHA                     ; 8                                   ;
;     -- LPM_WIDTHB                     ; 8                                   ;
;     -- LPM_WIDTHP                     ; 16                                  ;
;     -- LPM_REPRESENTATION             ; SIGNED                              ;
;     -- INPUT_A_IS_CONSTANT            ; NO                                  ;
;     -- INPUT_B_IS_CONSTANT            ; NO                                  ;
;     -- USE_EAB                        ; OFF                                 ;
;     -- DEDICATED_MULTIPLIER_CIRCUITRY ; AUTO                                ;
;     -- INPUT_A_FIXED_VALUE            ; Bx                                  ;
;     -- INPUT_B_FIXED_VALUE            ; Bx                                  ;
; Entity Instance                       ; int8_matvec_4x4:dut|lpm_mult:Mult7  ;
;     -- LPM_WIDTHA                     ; 8                                   ;
;     -- LPM_WIDTHB                     ; 8                                   ;
;     -- LPM_WIDTHP                     ; 16                                  ;
;     -- LPM_REPRESENTATION             ; SIGNED                              ;
;     -- INPUT_A_IS_CONSTANT            ; NO                                  ;
;     -- INPUT_B_IS_CONSTANT            ; NO                                  ;
;     -- USE_EAB                        ; OFF                                 ;
;     -- DEDICATED_MULTIPLIER_CIRCUITRY ; AUTO                                ;
;     -- INPUT_A_FIXED_VALUE            ; Bx                                  ;
;     -- INPUT_B_FIXED_VALUE            ; Bx                                  ;
; Entity Instance                       ; int8_matvec_4x4:dut|lpm_mult:Mult11 ;
;     -- LPM_WIDTHA                     ; 8                                   ;
;     -- LPM_WIDTHB                     ; 8                                   ;
;     -- LPM_WIDTHP                     ; 16                                  ;
;     -- LPM_REPRESENTATION             ; SIGNED                              ;
;     -- INPUT_A_IS_CONSTANT            ; NO                                  ;
;     -- INPUT_B_IS_CONSTANT            ; NO                                  ;
;     -- USE_EAB                        ; OFF                                 ;
;     -- DEDICATED_MULTIPLIER_CIRCUITRY ; AUTO                                ;
;     -- INPUT_A_FIXED_VALUE            ; Bx                                  ;
;     -- INPUT_B_FIXED_VALUE            ; Bx                                  ;
; Entity Instance                       ; int8_matvec_4x4:dut|lpm_mult:Mult15 ;
;     -- LPM_WIDTHA                     ; 8                                   ;
;     -- LPM_WIDTHB                     ; 8                                   ;
;     -- LPM_WIDTHP                     ; 16                                  ;
;     -- LPM_REPRESENTATION             ; SIGNED                              ;
;     -- INPUT_A_IS_CONSTANT            ; NO                                  ;
;     -- INPUT_B_IS_CONSTANT            ; NO                                  ;
;     -- USE_EAB                        ; OFF                                 ;
;     -- DEDICATED_MULTIPLIER_CIRCUITRY ; AUTO                                ;
;     -- INPUT_A_FIXED_VALUE            ; Bx                                  ;
;     -- INPUT_B_FIXED_VALUE            ; Bx                                  ;
; Entity Instance                       ; int8_matvec_4x4:dut|lpm_mult:Mult2  ;
;     -- LPM_WIDTHA                     ; 8                                   ;
;     -- LPM_WIDTHB                     ; 8                                   ;
;     -- LPM_WIDTHP                     ; 16                                  ;
;     -- LPM_REPRESENTATION             ; SIGNED                              ;
;     -- INPUT_A_IS_CONSTANT            ; NO                                  ;
;     -- INPUT_B_IS_CONSTANT            ; NO                                  ;
;     -- USE_EAB                        ; OFF                                 ;
;     -- DEDICATED_MULTIPLIER_CIRCUITRY ; AUTO                                ;
;     -- INPUT_A_FIXED_VALUE            ; Bx                                  ;
;     -- INPUT_B_FIXED_VALUE            ; Bx                                  ;
; Entity Instance                       ; int8_matvec_4x4:dut|lpm_mult:Mult6  ;
;     -- LPM_WIDTHA                     ; 8                                   ;
;     -- LPM_WIDTHB                     ; 8                                   ;
;     -- LPM_WIDTHP                     ; 16                                  ;
;     -- LPM_REPRESENTATION             ; SIGNED                              ;
;     -- INPUT_A_IS_CONSTANT            ; NO                                  ;
;     -- INPUT_B_IS_CONSTANT            ; NO                                  ;
;     -- USE_EAB                        ; OFF                                 ;
;     -- DEDICATED_MULTIPLIER_CIRCUITRY ; AUTO                                ;
;     -- INPUT_A_FIXED_VALUE            ; Bx                                  ;
;     -- INPUT_B_FIXED_VALUE            ; Bx                                  ;
; Entity Instance                       ; int8_matvec_4x4:dut|lpm_mult:Mult10 ;
;     -- LPM_WIDTHA                     ; 8                                   ;
;     -- LPM_WIDTHB                     ; 8                                   ;
;     -- LPM_WIDTHP                     ; 16                                  ;
;     -- LPM_REPRESENTATION             ; SIGNED                              ;
;     -- INPUT_A_IS_CONSTANT            ; NO                                  ;
;     -- INPUT_B_IS_CONSTANT            ; NO                                  ;
;     -- USE_EAB                        ; OFF                                 ;
;     -- DEDICATED_MULTIPLIER_CIRCUITRY ; AUTO                                ;
;     -- INPUT_A_FIXED_VALUE            ; Bx                                  ;
;     -- INPUT_B_FIXED_VALUE            ; Bx                                  ;
; Entity Instance                       ; int8_matvec_4x4:dut|lpm_mult:Mult14 ;
;     -- LPM_WIDTHA                     ; 8                                   ;
;     -- LPM_WIDTHB                     ; 8                                   ;
;     -- LPM_WIDTHP                     ; 16                                  ;
;     -- LPM_REPRESENTATION             ; SIGNED                              ;
;     -- INPUT_A_IS_CONSTANT            ; NO                                  ;
;     -- INPUT_B_IS_CONSTANT            ; NO                                  ;
;     -- USE_EAB                        ; OFF                                 ;
;     -- DEDICATED_MULTIPLIER_CIRCUITRY ; AUTO                                ;
;     -- INPUT_A_FIXED_VALUE            ; Bx                                  ;
;     -- INPUT_B_FIXED_VALUE            ; Bx                                  ;
; Entity Instance                       ; int8_matvec_4x4:dut|lpm_mult:Mult1  ;
;     -- LPM_WIDTHA                     ; 8                                   ;
;     -- LPM_WIDTHB                     ; 8                                   ;
;     -- LPM_WIDTHP                     ; 16                                  ;
;     -- LPM_REPRESENTATION             ; SIGNED                              ;
;     -- INPUT_A_IS_CONSTANT            ; NO                                  ;
;     -- INPUT_B_IS_CONSTANT            ; NO                                  ;
;     -- USE_EAB                        ; OFF                                 ;
;     -- DEDICATED_MULTIPLIER_CIRCUITRY ; AUTO                                ;
;     -- INPUT_A_FIXED_VALUE            ; Bx                                  ;
;     -- INPUT_B_FIXED_VALUE            ; Bx                                  ;
; Entity Instance                       ; int8_matvec_4x4:dut|lpm_mult:Mult0  ;
;     -- LPM_WIDTHA                     ; 8                                   ;
;     -- LPM_WIDTHB                     ; 8                                   ;
;     -- LPM_WIDTHP                     ; 16                                  ;
;     -- LPM_REPRESENTATION             ; SIGNED                              ;
;     -- INPUT_A_IS_CONSTANT            ; NO                                  ;
;     -- INPUT_B_IS_CONSTANT            ; NO                                  ;
;     -- USE_EAB                        ; OFF                                 ;
;     -- DEDICATED_MULTIPLIER_CIRCUITRY ; AUTO                                ;
;     -- INPUT_A_FIXED_VALUE            ; Bx                                  ;
;     -- INPUT_B_FIXED_VALUE            ; Bx                                  ;
; Entity Instance                       ; int8_matvec_4x4:dut|lpm_mult:Mult5  ;
;     -- LPM_WIDTHA                     ; 8                                   ;
;     -- LPM_WIDTHB                     ; 8                                   ;
;     -- LPM_WIDTHP                     ; 16                                  ;
;     -- LPM_REPRESENTATION             ; SIGNED                              ;
;     -- INPUT_A_IS_CONSTANT            ; NO                                  ;
;     -- INPUT_B_IS_CONSTANT            ; NO                                  ;
;     -- USE_EAB                        ; OFF                                 ;
;     -- DEDICATED_MULTIPLIER_CIRCUITRY ; AUTO                                ;
;     -- INPUT_A_FIXED_VALUE            ; Bx                                  ;
;     -- INPUT_B_FIXED_VALUE            ; Bx                                  ;
; Entity Instance                       ; int8_matvec_4x4:dut|lpm_mult:Mult4  ;
;     -- LPM_WIDTHA                     ; 8                                   ;
;     -- LPM_WIDTHB                     ; 8                                   ;
;     -- LPM_WIDTHP                     ; 16                                  ;
;     -- LPM_REPRESENTATION             ; SIGNED                              ;
;     -- INPUT_A_IS_CONSTANT            ; NO                                  ;
;     -- INPUT_B_IS_CONSTANT            ; NO                                  ;
;     -- USE_EAB                        ; OFF                                 ;
;     -- DEDICATED_MULTIPLIER_CIRCUITRY ; AUTO                                ;
;     -- INPUT_A_FIXED_VALUE            ; Bx                                  ;
;     -- INPUT_B_FIXED_VALUE            ; Bx                                  ;
; Entity Instance                       ; int8_matvec_4x4:dut|lpm_mult:Mult9  ;
;     -- LPM_WIDTHA                     ; 8                                   ;
;     -- LPM_WIDTHB                     ; 8                                   ;
;     -- LPM_WIDTHP                     ; 16                                  ;
;     -- LPM_REPRESENTATION             ; SIGNED                              ;
;     -- INPUT_A_IS_CONSTANT            ; NO                                  ;
;     -- INPUT_B_IS_CONSTANT            ; NO                                  ;
;     -- USE_EAB                        ; OFF                                 ;
;     -- DEDICATED_MULTIPLIER_CIRCUITRY ; AUTO                                ;
;     -- INPUT_A_FIXED_VALUE            ; Bx                                  ;
;     -- INPUT_B_FIXED_VALUE            ; Bx                                  ;
; Entity Instance                       ; int8_matvec_4x4:dut|lpm_mult:Mult8  ;
;     -- LPM_WIDTHA                     ; 8                                   ;
;     -- LPM_WIDTHB                     ; 8                                   ;
;     -- LPM_WIDTHP                     ; 16                                  ;
;     -- LPM_REPRESENTATION             ; SIGNED                              ;
;     -- INPUT_A_IS_CONSTANT            ; NO                                  ;
;     -- INPUT_B_IS_CONSTANT            ; NO                                  ;
;     -- USE_EAB                        ; OFF                                 ;
;     -- DEDICATED_MULTIPLIER_CIRCUITRY ; AUTO                                ;
;     -- INPUT_A_FIXED_VALUE            ; Bx                                  ;
;     -- INPUT_B_FIXED_VALUE            ; Bx                                  ;
; Entity Instance                       ; int8_matvec_4x4:dut|lpm_mult:Mult13 ;
;     -- LPM_WIDTHA                     ; 8                                   ;
;     -- LPM_WIDTHB                     ; 8                                   ;
;     -- LPM_WIDTHP                     ; 16                                  ;
;     -- LPM_REPRESENTATION             ; SIGNED                              ;
;     -- INPUT_A_IS_CONSTANT            ; NO                                  ;
;     -- INPUT_B_IS_CONSTANT            ; NO                                  ;
;     -- USE_EAB                        ; OFF                                 ;
;     -- DEDICATED_MULTIPLIER_CIRCUITRY ; AUTO                                ;
;     -- INPUT_A_FIXED_VALUE            ; Bx                                  ;
;     -- INPUT_B_FIXED_VALUE            ; Bx                                  ;
; Entity Instance                       ; int8_matvec_4x4:dut|lpm_mult:Mult12 ;
;     -- LPM_WIDTHA                     ; 8                                   ;
;     -- LPM_WIDTHB                     ; 8                                   ;
;     -- LPM_WIDTHP                     ; 16                                  ;
;     -- LPM_REPRESENTATION             ; SIGNED                              ;
;     -- INPUT_A_IS_CONSTANT            ; NO                                  ;
;     -- INPUT_B_IS_CONSTANT            ; NO                                  ;
;     -- USE_EAB                        ; OFF                                 ;
;     -- DEDICATED_MULTIPLIER_CIRCUITRY ; AUTO                                ;
;     -- INPUT_A_FIXED_VALUE            ; Bx                                  ;
;     -- INPUT_B_FIXED_VALUE            ; Bx                                  ;
+---------------------------------------+-------------------------------------+


+-----------------------------------------------------+
; Post-Synthesis Netlist Statistics for Top Partition ;
+-----------------------+-----------------------------+
; Type                  ; Count                       ;
+-----------------------+-----------------------------+
; boundary_port         ; 289                         ;
; cycloneiii_ff         ; 288                         ;
;     plain             ; 288                         ;
; cycloneiii_lcell_comb ; 220                         ;
;     arith             ; 208                         ;
;         3 data inputs ; 208                         ;
;     normal            ; 12                          ;
;         2 data inputs ; 12                          ;
; cycloneiii_mac_mult   ; 16                          ;
; cycloneiii_mac_out    ; 16                          ;
;                       ;                             ;
; Max LUT depth         ; 4.80                        ;
; Average LUT depth     ; 2.04                        ;
+-----------------------+-----------------------------+


+-------------------------------+
; Elapsed Time Per Partition    ;
+----------------+--------------+
; Partition Name ; Elapsed Time ;
+----------------+--------------+
; Top            ; 00:00:20     ;
+----------------+--------------+


+-------------------------------+
; Analysis & Synthesis Messages ;
+-------------------------------+
Info: *******************************************************************
Info: Running Quartus Prime Analysis & Synthesis
    Info: Version 25.1std.0 Build 1129 10/21/2025 SC Lite Edition
    Info: Processing started: Thu Sep 17 11:05:11 2026
Info: Command: quartus_map --read_settings_files=on --write_settings_files=off int8_baseline_dsp_auto -c int8_baseline_dsp_auto
Info (20032): Parallel compilation is enabled and will use up to 4 processors
Info (12021): Found 1 design units, including 1 entities, in source file /workspace/rtl-quartus-publication-20260917/cases/int8-matvec/rtl/baseline/int8_matvec_4x4.sv
    Info (12023): Found entity 1: int8_matvec_4x4 File: /workspace/rtl-quartus-publication-20260917/cases/int8-matvec/rtl/baseline/int8_matvec_4x4.sv Line: 4
Info (12021): Found 1 design units, including 1 entities, in source file /workspace/rtl-quartus-publication-20260917/experiments/quartus-int8-matvec/rtl/int8_matvec_registered_top.sv
    Info (12023): Found entity 1: int8_matvec_registered_top File: /workspace/rtl-quartus-publication-20260917/experiments/quartus-int8-matvec/rtl/int8_matvec_registered_top.sv Line: 4
Info (12127): Elaborating entity "int8_matvec_registered_top" for the top level hierarchy
Info (12128): Elaborating entity "int8_matvec_4x4" for hierarchy "int8_matvec_4x4:dut" File: /workspace/rtl-quartus-publication-20260917/experiments/quartus-int8-matvec/rtl/int8_matvec_registered_top.sv Line: 73
Info (278001): Inferred 16 megafunctions from design logic
    Info (278003): Inferred multiplier megafunction ("lpm_mult") from the following logic: "int8_matvec_4x4:dut|Mult3" File: /workspace/rtl-quartus-publication-20260917/cases/int8-matvec/rtl/baseline/int8_matvec_4x4.sv Line: 44
    Info (278003): Inferred multiplier megafunction ("lpm_mult") from the following logic: "int8_matvec_4x4:dut|Mult7" File: /workspace/rtl-quartus-publication-20260917/cases/int8-matvec/rtl/baseline/int8_matvec_4x4.sv Line: 48
    Info (278003): Inferred multiplier megafunction ("lpm_mult") from the following logic: "int8_matvec_4x4:dut|Mult11" File: /workspace/rtl-quartus-publication-20260917/cases/int8-matvec/rtl/baseline/int8_matvec_4x4.sv Line: 52
    Info (278003): Inferred multiplier megafunction ("lpm_mult") from the following logic: "int8_matvec_4x4:dut|Mult15" File: /workspace/rtl-quartus-publication-20260917/cases/int8-matvec/rtl/baseline/int8_matvec_4x4.sv Line: 56
    Info (278003): Inferred multiplier megafunction ("lpm_mult") from the following logic: "int8_matvec_4x4:dut|Mult2" File: /workspace/rtl-quartus-publication-20260917/cases/int8-matvec/rtl/baseline/int8_matvec_4x4.sv Line: 43
    Info (278003): Inferred multiplier megafunction ("lpm_mult") from the following logic: "int8_matvec_4x4:dut|Mult6" File: /workspace/rtl-quartus-publication-20260917/cases/int8-matvec/rtl/baseline/int8_matvec_4x4.sv Line: 47
    Info (278003): Inferred multiplier megafunction ("lpm_mult") from the following logic: "int8_matvec_4x4:dut|Mult10" File: /workspace/rtl-quartus-publication-20260917/cases/int8-matvec/rtl/baseline/int8_matvec_4x4.sv Line: 51
    Info (278003): Inferred multiplier megafunction ("lpm_mult") from the following logic: "int8_matvec_4x4:dut|Mult14" File: /workspace/rtl-quartus-publication-20260917/cases/int8-matvec/rtl/baseline/int8_matvec_4x4.sv Line: 55
    Info (278003): Inferred multiplier megafunction ("lpm_mult") from the following logic: "int8_matvec_4x4:dut|Mult1" File: /workspace/rtl-quartus-publication-20260917/cases/int8-matvec/rtl/baseline/int8_matvec_4x4.sv Line: 42
    Info (278003): Inferred multiplier megafunction ("lpm_mult") from the following logic: "int8_matvec_4x4:dut|Mult0" File: /workspace/rtl-quartus-publication-20260917/cases/int8-matvec/rtl/baseline/int8_matvec_4x4.sv Line: 41
    Info (278003): Inferred multiplier megafunction ("lpm_mult") from the following logic: "int8_matvec_4x4:dut|Mult5" File: /workspace/rtl-quartus-publication-20260917/cases/int8-matvec/rtl/baseline/int8_matvec_4x4.sv Line: 46
    Info (278003): Inferred multiplier megafunction ("lpm_mult") from the following logic: "int8_matvec_4x4:dut|Mult4" File: /workspace/rtl-quartus-publication-20260917/cases/int8-matvec/rtl/baseline/int8_matvec_4x4.sv Line: 45
    Info (278003): Inferred multiplier megafunction ("lpm_mult") from the following logic: "int8_matvec_4x4:dut|Mult9" File: /workspace/rtl-quartus-publication-20260917/cases/int8-matvec/rtl/baseline/int8_matvec_4x4.sv Line: 50
    Info (278003): Inferred multiplier megafunction ("lpm_mult") from the following logic: "int8_matvec_4x4:dut|Mult8" File: /workspace/rtl-quartus-publication-20260917/cases/int8-matvec/rtl/baseline/int8_matvec_4x4.sv Line: 49
    Info (278003): Inferred multiplier megafunction ("lpm_mult") from the following logic: "int8_matvec_4x4:dut|Mult13" File: /workspace/rtl-quartus-publication-20260917/cases/int8-matvec/rtl/baseline/int8_matvec_4x4.sv Line: 54
    Info (278003): Inferred multiplier megafunction ("lpm_mult") from the following logic: "int8_matvec_4x4:dut|Mult12" File: /workspace/rtl-quartus-publication-20260917/cases/int8-matvec/rtl/baseline/int8_matvec_4x4.sv Line: 53
Info (12130): Elaborated megafunction instantiation "int8_matvec_4x4:dut|lpm_mult:Mult3" File: /workspace/rtl-quartus-publication-20260917/cases/int8-matvec/rtl/baseline/int8_matvec_4x4.sv Line: 44
Info (12133): Instantiated megafunction "int8_matvec_4x4:dut|lpm_mult:Mult3" with the following parameter: File: /workspace/rtl-quartus-publication-20260917/cases/int8-matvec/rtl/baseline/int8_matvec_4x4.sv Line: 44
    Info (12134): Parameter "LPM_WIDTHA" = "8"
    Info (12134): Parameter "LPM_WIDTHB" = "8"
    Info (12134): Parameter "LPM_WIDTHP" = "16"
    Info (12134): Parameter "LPM_WIDTHR" = "16"
    Info (12134): Parameter "LPM_WIDTHS" = "1"
    Info (12134): Parameter "LPM_REPRESENTATION" = "SIGNED"
    Info (12134): Parameter "INPUT_A_IS_CONSTANT" = "NO"
    Info (12134): Parameter "INPUT_B_IS_CONSTANT" = "NO"
    Info (12134): Parameter "MAXIMIZE_SPEED" = "5"
Info (12021): Found 1 design units, including 1 entities, in source file db/mult_tds.tdf
    Info (12023): Found entity 1: mult_tds File: /workspace/rtl-quartus-publication-20260917/experiments/quartus-int8-matvec/output-public/baseline/dsp_auto/db/mult_tds.tdf Line: 29
Info (286030): Timing-Driven Synthesis is running
Info (16010): Generating hard_block partition "hard_block:auto_generated_inst"
    Info (16011): Adding 0 node(s), including 0 DDIO, 0 PLL, 0 transceiver and 0 LCELL
Info (15717): Design contains 288 virtual pins; timing numbers associated with paths containing virtual pins are estimates
    Info (15719): Pin "y0[0]" is virtual output pin File: /workspace/rtl-quartus-publication-20260917/experiments/quartus-int8-matvec/rtl/int8_matvec_registered_top.sv Line: 39
    Info (15719): Pin "y0[1]" is virtual output pin File: /workspace/rtl-quartus-publication-20260917/experiments/quartus-int8-matvec/rtl/int8_matvec_registered_top.sv Line: 39
    Info (15719): Pin "y0[2]" is virtual output pin File: /workspace/rtl-quartus-publication-20260917/experiments/quartus-int8-matvec/rtl/int8_matvec_registered_top.sv Line: 39
    Info (15719): Pin "y0[3]" is virtual output pin File: /workspace/rtl-quartus-publication-20260917/experiments/quartus-int8-matvec/rtl/int8_matvec_registered_top.sv Line: 39
    Info (15719): Pin "y0[4]" is virtual output pin File: /workspace/rtl-quartus-publication-20260917/experiments/quartus-int8-matvec/rtl/int8_matvec_registered_top.sv Line: 39
    Info (15719): Pin "y0[5]" is virtual output pin File: /workspace/rtl-quartus-publication-20260917/experiments/quartus-int8-matvec/rtl/int8_matvec_registered_top.sv Line: 39
    Info (15719): Pin "y0[6]" is virtual output pin File: /workspace/rtl-quartus-publication-20260917/experiments/quartus-int8-matvec/rtl/int8_matvec_registered_top.sv Line: 39
    Info (15719): Pin "y0[7]" is virtual output pin File: /workspace/rtl-quartus-publication-20260917/experiments/quartus-int8-matvec/rtl/int8_matvec_registered_top.sv Line: 39
    Info (15719): Pin "y0[8]" is virtual output pin File: /workspace/rtl-quartus-publication-20260917/experiments/quartus-int8-matvec/rtl/int8_matvec_registered_top.sv Line: 39
    Info (15719): Pin "y0[9]" is virtual output pin File: /workspace/rtl-quartus-publication-20260917/experiments/quartus-int8-matvec/rtl/int8_matvec_registered_top.sv Line: 39
    Info (15719): Pin "y0[10]" is virtual output pin File: /workspace/rtl-quartus-publication-20260917/experiments/quartus-int8-matvec/rtl/int8_matvec_registered_top.sv Line: 39
    Info (15719): Pin "y0[11]" is virtual output pin File: /workspace/rtl-quartus-publication-20260917/experiments/quartus-int8-matvec/rtl/int8_matvec_registered_top.sv Line: 39
    Info (15719): Pin "y0[12]" is virtual output pin File: /workspace/rtl-quartus-publication-20260917/experiments/quartus-int8-matvec/rtl/int8_matvec_registered_top.sv Line: 39
    Info (15719): Pin "y0[13]" is virtual output pin File: /workspace/rtl-quartus-publication-20260917/experiments/quartus-int8-matvec/rtl/int8_matvec_registered_top.sv Line: 39
    Info (15719): Pin "y0[14]" is virtual output pin File: /workspace/rtl-quartus-publication-20260917/experiments/quartus-int8-matvec/rtl/int8_matvec_registered_top.sv Line: 39
    Info (15719): Pin "y0[15]" is virtual output pin File: /workspace/rtl-quartus-publication-20260917/experiments/quartus-int8-matvec/rtl/int8_matvec_registered_top.sv Line: 39
    Info (15719): Pin "y0[16]" is virtual output pin File: /workspace/rtl-quartus-publication-20260917/experiments/quartus-int8-matvec/rtl/int8_matvec_registered_top.sv Line: 39
    Info (15719): Pin "y0[17]" is virtual output pin File: /workspace/rtl-quartus-publication-20260917/experiments/quartus-int8-matvec/rtl/int8_matvec_registered_top.sv Line: 39
    Info (15719): Pin "y0[18]" is virtual output pin File: /workspace/rtl-quartus-publication-20260917/experiments/quartus-int8-matvec/rtl/int8_matvec_registered_top.sv Line: 39
    Info (15719): Pin "y0[19]" is virtual output pin File: /workspace/rtl-quartus-publication-20260917/experiments/quartus-int8-matvec/rtl/int8_matvec_registered_top.sv Line: 39
    Info (15719): Pin "y0[20]" is virtual output pin File: /workspace/rtl-quartus-publication-20260917/experiments/quartus-int8-matvec/rtl/int8_matvec_registered_top.sv Line: 39
    Info (15719): Pin "y0[21]" is virtual output pin File: /workspace/rtl-quartus-publication-20260917/experiments/quartus-int8-matvec/rtl/int8_matvec_registered_top.sv Line: 39
    Info (15719): Pin "y0[22]" is virtual output pin File: /workspace/rtl-quartus-publication-20260917/experiments/quartus-int8-matvec/rtl/int8_matvec_registered_top.sv Line: 39
    Info (15719): Pin "y0[23]" is virtual output pin File: /workspace/rtl-quartus-publication-20260917/experiments/quartus-int8-matvec/rtl/int8_matvec_registered_top.sv Line: 39
    Info (15719): Pin "y0[24]" is virtual output pin File: /workspace/rtl-quartus-publication-20260917/experiments/quartus-int8-matvec/rtl/int8_matvec_registered_top.sv Line: 39
    Info (15719): Pin "y0[25]" is virtual output pin File: /workspace/rtl-quartus-publication-20260917/experiments/quartus-int8-matvec/rtl/int8_matvec_registered_top.sv Line: 39
    Info (15719): Pin "y0[26]" is virtual output pin File: /workspace/rtl-quartus-publication-20260917/experiments/quartus-int8-matvec/rtl/int8_matvec_registered_top.sv Line: 39
    Info (15719): Pin "y0[27]" is virtual output pin File: /workspace/rtl-quartus-publication-20260917/experiments/quartus-int8-matvec/rtl/int8_matvec_registered_top.sv Line: 39
    Info (15719): Pin "y0[28]" is virtual output pin File: /workspace/rtl-quartus-publication-20260917/experiments/quartus-int8-matvec/rtl/int8_matvec_registered_top.sv Line: 39
    Info (15719): Pin "y0[29]" is virtual output pin File: /workspace/rtl-quartus-publication-20260917/experiments/quartus-int8-matvec/rtl/int8_matvec_registered_top.sv Line: 39
    Info (15719): Pin "y0[30]" is virtual output pin File: /workspace/rtl-quartus-publication-20260917/experiments/quartus-int8-matvec/rtl/int8_matvec_registered_top.sv Line: 39
    Info (15719): Pin "y0[31]" is virtual output pin File: /workspace/rtl-quartus-publication-20260917/experiments/quartus-int8-matvec/rtl/int8_matvec_registered_top.sv Line: 39
    Info (15719): Pin "y1[0]" is virtual output pin File: /workspace/rtl-quartus-publication-20260917/experiments/quartus-int8-matvec/rtl/int8_matvec_registered_top.sv Line: 39
    Info (15719): Pin "y1[1]" is virtual output pin File: /workspace/rtl-quartus-publication-20260917/experiments/quartus-int8-matvec/rtl/int8_matvec_registered_top.sv Line: 39
    Info (15719): Pin "y1[2]" is virtual output pin File: /workspace/rtl-quartus-publication-20260917/experiments/quartus-int8-matvec/rtl/int8_matvec_registered_top.sv Line: 39
    Info (15719): Pin "y1[3]" is virtual output pin File: /workspace/rtl-quartus-publication-20260917/experiments/quartus-int8-matvec/rtl/int8_matvec_registered_top.sv Line: 39
    Info (15719): Pin "y1[4]" is virtual output pin File: /workspace/rtl-quartus-publication-20260917/experiments/quartus-int8-matvec/rtl/int8_matvec_registered_top.sv Line: 39
    Info (15719): Pin "y1[5]" is virtual output pin File: /workspace/rtl-quartus-publication-20260917/experiments/quartus-int8-matvec/rtl/int8_matvec_registered_top.sv Line: 39
    Info (15719): Pin "y1[6]" is virtual output pin File: /workspace/rtl-quartus-publication-20260917/experiments/quartus-int8-matvec/rtl/int8_matvec_registered_top.sv Line: 39
    Info (15719): Pin "y1[7]" is virtual output pin File: /workspace/rtl-quartus-publication-20260917/experiments/quartus-int8-matvec/rtl/int8_matvec_registered_top.sv Line: 39
    Info (15719): Pin "y1[8]" is virtual output pin File: /workspace/rtl-quartus-publication-20260917/experiments/quartus-int8-matvec/rtl/int8_matvec_registered_top.sv Line: 39
    Info (15719): Pin "y1[9]" is virtual output pin File: /workspace/rtl-quartus-publication-20260917/experiments/quartus-int8-matvec/rtl/int8_matvec_registered_top.sv Line: 39
    Info (15719): Pin "y1[10]" is virtual output pin File: /workspace/rtl-quartus-publication-20260917/experiments/quartus-int8-matvec/rtl/int8_matvec_registered_top.sv Line: 39
    Info (15719): Pin "y1[11]" is virtual output pin File: /workspace/rtl-quartus-publication-20260917/experiments/quartus-int8-matvec/rtl/int8_matvec_registered_top.sv Line: 39
    Info (15719): Pin "y1[12]" is virtual output pin File: /workspace/rtl-quartus-publication-20260917/experiments/quartus-int8-matvec/rtl/int8_matvec_registered_top.sv Line: 39
    Info (15719): Pin "y1[13]" is virtual output pin File: /workspace/rtl-quartus-publication-20260917/experiments/quartus-int8-matvec/rtl/int8_matvec_registered_top.sv Line: 39
    Info (15719): Pin "y1[14]" is virtual output pin File: /workspace/rtl-quartus-publication-20260917/experiments/quartus-int8-matvec/rtl/int8_matvec_registered_top.sv Line: 39
    Info (15719): Pin "y1[15]" is virtual output pin File: /workspace/rtl-quartus-publication-20260917/experiments/quartus-int8-matvec/rtl/int8_matvec_registered_top.sv Line: 39
    Info (15719): Pin "y1[16]" is virtual output pin File: /workspace/rtl-quartus-publication-20260917/experiments/quartus-int8-matvec/rtl/int8_matvec_registered_top.sv Line: 39
    Info (15719): Pin "y1[17]" is virtual output pin File: /workspace/rtl-quartus-publication-20260917/experiments/quartus-int8-matvec/rtl/int8_matvec_registered_top.sv Line: 39
    Info (15719): Pin "y1[18]" is virtual output pin File: /workspace/rtl-quartus-publication-20260917/experiments/quartus-int8-matvec/rtl/int8_matvec_registered_top.sv Line: 39
    Info (15719): Pin "y1[19]" is virtual output pin File: /workspace/rtl-quartus-publication-20260917/experiments/quartus-int8-matvec/rtl/int8_matvec_registered_top.sv Line: 39
    Info (15719): Pin "y1[20]" is virtual output pin File: /workspace/rtl-quartus-publication-20260917/experiments/quartus-int8-matvec/rtl/int8_matvec_registered_top.sv Line: 39
    Info (15719): Pin "y1[21]" is virtual output pin File: /workspace/rtl-quartus-publication-20260917/experiments/quartus-int8-matvec/rtl/int8_matvec_registered_top.sv Line: 39
    Info (15719): Pin "y1[22]" is virtual output pin File: /workspace/rtl-quartus-publication-20260917/experiments/quartus-int8-matvec/rtl/int8_matvec_registered_top.sv Line: 39
    Info (15719): Pin "y1[23]" is virtual output pin File: /workspace/rtl-quartus-publication-20260917/experiments/quartus-int8-matvec/rtl/int8_matvec_registered_top.sv Line: 39
    Info (15719): Pin "y1[24]" is virtual output pin File: /workspace/rtl-quartus-publication-20260917/experiments/quartus-int8-matvec/rtl/int8_matvec_registered_top.sv Line: 39
    Info (15719): Pin "y1[25]" is virtual output pin File: /workspace/rtl-quartus-publication-20260917/experiments/quartus-int8-matvec/rtl/int8_matvec_registered_top.sv Line: 39
    Info (15719): Pin "y1[26]" is virtual output pin File: /workspace/rtl-quartus-publication-20260917/experiments/quartus-int8-matvec/rtl/int8_matvec_registered_top.sv Line: 39
    Info (15719): Pin "y1[27]" is virtual output pin File: /workspace/rtl-quartus-publication-20260917/experiments/quartus-int8-matvec/rtl/int8_matvec_registered_top.sv Line: 39
    Info (15719): Pin "y1[28]" is virtual output pin File: /workspace/rtl-quartus-publication-20260917/experiments/quartus-int8-matvec/rtl/int8_matvec_registered_top.sv Line: 39
    Info (15719): Pin "y1[29]" is virtual output pin File: /workspace/rtl-quartus-publication-20260917/experiments/quartus-int8-matvec/rtl/int8_matvec_registered_top.sv Line: 39
    Info (15719): Pin "y1[30]" is virtual output pin File: /workspace/rtl-quartus-publication-20260917/experiments/quartus-int8-matvec/rtl/int8_matvec_registered_top.sv Line: 39
    Info (15719): Pin "y1[31]" is virtual output pin File: /workspace/rtl-quartus-publication-20260917/experiments/quartus-int8-matvec/rtl/int8_matvec_registered_top.sv Line: 39
    Info (15719): Pin "y2[0]" is virtual output pin File: /workspace/rtl-quartus-publication-20260917/experiments/quartus-int8-matvec/rtl/int8_matvec_registered_top.sv Line: 39
    Info (15719): Pin "y2[1]" is virtual output pin File: /workspace/rtl-quartus-publication-20260917/experiments/quartus-int8-matvec/rtl/int8_matvec_registered_top.sv Line: 39
    Info (15719): Pin "y2[2]" is virtual output pin File: /workspace/rtl-quartus-publication-20260917/experiments/quartus-int8-matvec/rtl/int8_matvec_registered_top.sv Line: 39
    Info (15719): Pin "y2[3]" is virtual output pin File: /workspace/rtl-quartus-publication-20260917/experiments/quartus-int8-matvec/rtl/int8_matvec_registered_top.sv Line: 39
    Info (15719): Pin "y2[4]" is virtual output pin File: /workspace/rtl-quartus-publication-20260917/experiments/quartus-int8-matvec/rtl/int8_matvec_registered_top.sv Line: 39
    Info (15719): Pin "y2[5]" is virtual output pin File: /workspace/rtl-quartus-publication-20260917/experiments/quartus-int8-matvec/rtl/int8_matvec_registered_top.sv Line: 39
    Info (15719): Pin "y2[6]" is virtual output pin File: /workspace/rtl-quartus-publication-20260917/experiments/quartus-int8-matvec/rtl/int8_matvec_registered_top.sv Line: 39
    Info (15719): Pin "y2[7]" is virtual output pin File: /workspace/rtl-quartus-publication-20260917/experiments/quartus-int8-matvec/rtl/int8_matvec_registered_top.sv Line: 39
    Info (15719): Pin "y2[8]" is virtual output pin File: /workspace/rtl-quartus-publication-20260917/experiments/quartus-int8-matvec/rtl/int8_matvec_registered_top.sv Line: 39
    Info (15719): Pin "y2[9]" is virtual output pin File: /workspace/rtl-quartus-publication-20260917/experiments/quartus-int8-matvec/rtl/int8_matvec_registered_top.sv Line: 39
    Info (15719): Pin "y2[10]" is virtual output pin File: /workspace/rtl-quartus-publication-20260917/experiments/quartus-int8-matvec/rtl/int8_matvec_registered_top.sv Line: 39
    Info (15719): Pin "y2[11]" is virtual output pin File: /workspace/rtl-quartus-publication-20260917/experiments/quartus-int8-matvec/rtl/int8_matvec_registered_top.sv Line: 39
    Info (15719): Pin "y2[12]" is virtual output pin File: /workspace/rtl-quartus-publication-20260917/experiments/quartus-int8-matvec/rtl/int8_matvec_registered_top.sv Line: 39
    Info (15719): Pin "y2[13]" is virtual output pin File: /workspace/rtl-quartus-publication-20260917/experiments/quartus-int8-matvec/rtl/int8_matvec_registered_top.sv Line: 39
    Info (15719): Pin "y2[14]" is virtual output pin File: /workspace/rtl-quartus-publication-20260917/experiments/quartus-int8-matvec/rtl/int8_matvec_registered_top.sv Line: 39
    Info (15719): Pin "y2[15]" is virtual output pin File: /workspace/rtl-quartus-publication-20260917/experiments/quartus-int8-matvec/rtl/int8_matvec_registered_top.sv Line: 39
    Info (15719): Pin "y2[16]" is virtual output pin File: /workspace/rtl-quartus-publication-20260917/experiments/quartus-int8-matvec/rtl/int8_matvec_registered_top.sv Line: 39
    Info (15719): Pin "y2[17]" is virtual output pin File: /workspace/rtl-quartus-publication-20260917/experiments/quartus-int8-matvec/rtl/int8_matvec_registered_top.sv Line: 39
    Info (15719): Pin "y2[18]" is virtual output pin File: /workspace/rtl-quartus-publication-20260917/experiments/quartus-int8-matvec/rtl/int8_matvec_registered_top.sv Line: 39
    Info (15719): Pin "y2[19]" is virtual output pin File: /workspace/rtl-quartus-publication-20260917/experiments/quartus-int8-matvec/rtl/int8_matvec_registered_top.sv Line: 39
    Info (15719): Pin "y2[20]" is virtual output pin File: /workspace/rtl-quartus-publication-20260917/experiments/quartus-int8-matvec/rtl/int8_matvec_registered_top.sv Line: 39
    Info (15719): Pin "y2[21]" is virtual output pin File: /workspace/rtl-quartus-publication-20260917/experiments/quartus-int8-matvec/rtl/int8_matvec_registered_top.sv Line: 39
    Info (15719): Pin "y2[22]" is virtual output pin File: /workspace/rtl-quartus-publication-20260917/experiments/quartus-int8-matvec/rtl/int8_matvec_registered_top.sv Line: 39
    Info (15719): Pin "y2[23]" is virtual output pin File: /workspace/rtl-quartus-publication-20260917/experiments/quartus-int8-matvec/rtl/int8_matvec_registered_top.sv Line: 39
    Info (15719): Pin "y2[24]" is virtual output pin File: /workspace/rtl-quartus-publication-20260917/experiments/quartus-int8-matvec/rtl/int8_matvec_registered_top.sv Line: 39
    Info (15719): Pin "y2[25]" is virtual output pin File: /workspace/rtl-quartus-publication-20260917/experiments/quartus-int8-matvec/rtl/int8_matvec_registered_top.sv Line: 39
    Info (15719): Pin "y2[26]" is virtual output pin File: /workspace/rtl-quartus-publication-20260917/experiments/quartus-int8-matvec/rtl/int8_matvec_registered_top.sv Line: 39
    Info (15719): Pin "y2[27]" is virtual output pin File: /workspace/rtl-quartus-publication-20260917/experiments/quartus-int8-matvec/rtl/int8_matvec_registered_top.sv Line: 39
    Info (15719): Pin "y2[28]" is virtual output pin File: /workspace/rtl-quartus-publication-20260917/experiments/quartus-int8-matvec/rtl/int8_matvec_registered_top.sv Line: 39
    Info (15719): Pin "y2[29]" is virtual output pin File: /workspace/rtl-quartus-publication-20260917/experiments/quartus-int8-matvec/rtl/int8_matvec_registered_top.sv Line: 39
    Info (15719): Pin "y2[30]" is virtual output pin File: /workspace/rtl-quartus-publication-20260917/experiments/quartus-int8-matvec/rtl/int8_matvec_registered_top.sv Line: 39
    Info (15719): Pin "y2[31]" is virtual output pin File: /workspace/rtl-quartus-publication-20260917/experiments/quartus-int8-matvec/rtl/int8_matvec_registered_top.sv Line: 39
    Info (15719): Pin "y3[0]" is virtual output pin File: /workspace/rtl-quartus-publication-20260917/experiments/quartus-int8-matvec/rtl/int8_matvec_registered_top.sv Line: 39
    Info (15719): Pin "y3[1]" is virtual output pin File: /workspace/rtl-quartus-publication-20260917/experiments/quartus-int8-matvec/rtl/int8_matvec_registered_top.sv Line: 39
    Info (15719): Pin "y3[2]" is virtual output pin File: /workspace/rtl-quartus-publication-20260917/experiments/quartus-int8-matvec/rtl/int8_matvec_registered_top.sv Line: 39
    Info (15719): Pin "y3[3]" is virtual output pin File: /workspace/rtl-quartus-publication-20260917/experiments/quartus-int8-matvec/rtl/int8_matvec_registered_top.sv Line: 39
    Info (15719): Pin "y3[4]" is virtual output pin File: /workspace/rtl-quartus-publication-20260917/experiments/quartus-int8-matvec/rtl/int8_matvec_registered_top.sv Line: 39
    Info (15719): Pin "y3[5]" is virtual output pin File: /workspace/rtl-quartus-publication-20260917/experiments/quartus-int8-matvec/rtl/int8_matvec_registered_top.sv Line: 39
    Info (15719): Pin "y3[6]" is virtual output pin File: /workspace/rtl-quartus-publication-20260917/experiments/quartus-int8-matvec/rtl/int8_matvec_registered_top.sv Line: 39
    Info (15719): Pin "y3[7]" is virtual output pin File: /workspace/rtl-quartus-publication-20260917/experiments/quartus-int8-matvec/rtl/int8_matvec_registered_top.sv Line: 39
    Info (15719): Pin "y3[8]" is virtual output pin File: /workspace/rtl-quartus-publication-20260917/experiments/quartus-int8-matvec/rtl/int8_matvec_registered_top.sv Line: 39
    Info (15719): Pin "y3[9]" is virtual output pin File: /workspace/rtl-quartus-publication-20260917/experiments/quartus-int8-matvec/rtl/int8_matvec_registered_top.sv Line: 39
    Info (15719): Pin "y3[10]" is virtual output pin File: /workspace/rtl-quartus-publication-20260917/experiments/quartus-int8-matvec/rtl/int8_matvec_registered_top.sv Line: 39
    Info (15719): Pin "y3[11]" is virtual output pin File: /workspace/rtl-quartus-publication-20260917/experiments/quartus-int8-matvec/rtl/int8_matvec_registered_top.sv Line: 39
    Info (15719): Pin "y3[12]" is virtual output pin File: /workspace/rtl-quartus-publication-20260917/experiments/quartus-int8-matvec/rtl/int8_matvec_registered_top.sv Line: 39
    Info (15719): Pin "y3[13]" is virtual output pin File: /workspace/rtl-quartus-publication-20260917/experiments/quartus-int8-matvec/rtl/int8_matvec_registered_top.sv Line: 39
    Info (15719): Pin "y3[14]" is virtual output pin File: /workspace/rtl-quartus-publication-20260917/experiments/quartus-int8-matvec/rtl/int8_matvec_registered_top.sv Line: 39
    Info (15719): Pin "y3[15]" is virtual output pin File: /workspace/rtl-quartus-publication-20260917/experiments/quartus-int8-matvec/rtl/int8_matvec_registered_top.sv Line: 39
    Info (15719): Pin "y3[16]" is virtual output pin File: /workspace/rtl-quartus-publication-20260917/experiments/quartus-int8-matvec/rtl/int8_matvec_registered_top.sv Line: 39
    Info (15719): Pin "y3[17]" is virtual output pin File: /workspace/rtl-quartus-publication-20260917/experiments/quartus-int8-matvec/rtl/int8_matvec_registered_top.sv Line: 39
    Info (15719): Pin "y3[18]" is virtual output pin File: /workspace/rtl-quartus-publication-20260917/experiments/quartus-int8-matvec/rtl/int8_matvec_registered_top.sv Line: 39
    Info (15719): Pin "y3[19]" is virtual output pin File: /workspace/rtl-quartus-publication-20260917/experiments/quartus-int8-matvec/rtl/int8_matvec_registered_top.sv Line: 39
    Info (15719): Pin "y3[20]" is virtual output pin File: /workspace/rtl-quartus-publication-20260917/experiments/quartus-int8-matvec/rtl/int8_matvec_registered_top.sv Line: 39
    Info (15719): Pin "y3[21]" is virtual output pin File: /workspace/rtl-quartus-publication-20260917/experiments/quartus-int8-matvec/rtl/int8_matvec_registered_top.sv Line: 39
    Info (15719): Pin "y3[22]" is virtual output pin File: /workspace/rtl-quartus-publication-20260917/experiments/quartus-int8-matvec/rtl/int8_matvec_registered_top.sv Line: 39
    Info (15719): Pin "y3[23]" is virtual output pin File: /workspace/rtl-quartus-publication-20260917/experiments/quartus-int8-matvec/rtl/int8_matvec_registered_top.sv Line: 39
    Info (15719): Pin "y3[24]" is virtual output pin File: /workspace/rtl-quartus-publication-20260917/experiments/quartus-int8-matvec/rtl/int8_matvec_registered_top.sv Line: 39
    Info (15719): Pin "y3[25]" is virtual output pin File: /workspace/rtl-quartus-publication-20260917/experiments/quartus-int8-matvec/rtl/int8_matvec_registered_top.sv Line: 39
    Info (15719): Pin "y3[26]" is virtual output pin File: /workspace/rtl-quartus-publication-20260917/experiments/quartus-int8-matvec/rtl/int8_matvec_registered_top.sv Line: 39
    Info (15719): Pin "y3[27]" is virtual output pin File: /workspace/rtl-quartus-publication-20260917/experiments/quartus-int8-matvec/rtl/int8_matvec_registered_top.sv Line: 39
    Info (15719): Pin "y3[28]" is virtual output pin File: /workspace/rtl-quartus-publication-20260917/experiments/quartus-int8-matvec/rtl/int8_matvec_registered_top.sv Line: 39
    Info (15719): Pin "y3[29]" is virtual output pin File: /workspace/rtl-quartus-publication-20260917/experiments/quartus-int8-matvec/rtl/int8_matvec_registered_top.sv Line: 39
    Info (15719): Pin "y3[30]" is virtual output pin File: /workspace/rtl-quartus-publication-20260917/experiments/quartus-int8-matvec/rtl/int8_matvec_registered_top.sv Line: 39
    Info (15719): Pin "y3[31]" is virtual output pin File: /workspace/rtl-quartus-publication-20260917/experiments/quartus-int8-matvec/rtl/int8_matvec_registered_top.sv Line: 39
    Info (15718): Pin "w01[0]" is virtual input pin File: /workspace/rtl-quartus-publication-20260917/experiments/quartus-int8-matvec/rtl/int8_matvec_registered_top.sv Line: 11
    Info (15718): Pin "w01[1]" is virtual input pin File: /workspace/rtl-quartus-publication-20260917/experiments/quartus-int8-matvec/rtl/int8_matvec_registered_top.sv Line: 11
    Info (15718): Pin "w01[2]" is virtual input pin File: /workspace/rtl-quartus-publication-20260917/experiments/quartus-int8-matvec/rtl/int8_matvec_registered_top.sv Line: 11
    Info (15718): Pin "w01[3]" is virtual input pin File: /workspace/rtl-quartus-publication-20260917/experiments/quartus-int8-matvec/rtl/int8_matvec_registered_top.sv Line: 11
    Info (15718): Pin "w01[4]" is virtual input pin File: /workspace/rtl-quartus-publication-20260917/experiments/quartus-int8-matvec/rtl/int8_matvec_registered_top.sv Line: 11
    Info (15718): Pin "w01[5]" is virtual input pin File: /workspace/rtl-quartus-publication-20260917/experiments/quartus-int8-matvec/rtl/int8_matvec_registered_top.sv Line: 11
    Info (15718): Pin "w01[6]" is virtual input pin File: /workspace/rtl-quartus-publication-20260917/experiments/quartus-int8-matvec/rtl/int8_matvec_registered_top.sv Line: 11
    Info (15718): Pin "w01[7]" is virtual input pin File: /workspace/rtl-quartus-publication-20260917/experiments/quartus-int8-matvec/rtl/int8_matvec_registered_top.sv Line: 11
    Info (15718): Pin "x1[0]" is virtual input pin File: /workspace/rtl-quartus-publication-20260917/experiments/quartus-int8-matvec/rtl/int8_matvec_registered_top.sv Line: 7
    Info (15718): Pin "x1[1]" is virtual input pin File: /workspace/rtl-quartus-publication-20260917/experiments/quartus-int8-matvec/rtl/int8_matvec_registered_top.sv Line: 7
    Info (15718): Pin "x1[2]" is virtual input pin File: /workspace/rtl-quartus-publication-20260917/experiments/quartus-int8-matvec/rtl/int8_matvec_registered_top.sv Line: 7
    Info (15718): Pin "x1[3]" is virtual input pin File: /workspace/rtl-quartus-publication-20260917/experiments/quartus-int8-matvec/rtl/int8_matvec_registered_top.sv Line: 7
    Info (15718): Pin "x1[4]" is virtual input pin File: /workspace/rtl-quartus-publication-20260917/experiments/quartus-int8-matvec/rtl/int8_matvec_registered_top.sv Line: 7
    Info (15718): Pin "x1[5]" is virtual input pin File: /workspace/rtl-quartus-publication-20260917/experiments/quartus-int8-matvec/rtl/int8_matvec_registered_top.sv Line: 7
    Info (15718): Pin "x1[6]" is virtual input pin File: /workspace/rtl-quartus-publication-20260917/experiments/quartus-int8-matvec/rtl/int8_matvec_registered_top.sv Line: 7
    Info (15718): Pin "x1[7]" is virtual input pin File: /workspace/rtl-quartus-publication-20260917/experiments/quartus-int8-matvec/rtl/int8_matvec_registered_top.sv Line: 7
    Info (15718): Pin "w00[0]" is virtual input pin File: /workspace/rtl-quartus-publication-20260917/experiments/quartus-int8-matvec/rtl/int8_matvec_registered_top.sv Line: 10
    Info (15718): Pin "w00[1]" is virtual input pin File: /workspace/rtl-quartus-publication-20260917/experiments/quartus-int8-matvec/rtl/int8_matvec_registered_top.sv Line: 10
    Info (15718): Pin "w00[2]" is virtual input pin File: /workspace/rtl-quartus-publication-20260917/experiments/quartus-int8-matvec/rtl/int8_matvec_registered_top.sv Line: 10
    Info (15718): Pin "w00[3]" is virtual input pin File: /workspace/rtl-quartus-publication-20260917/experiments/quartus-int8-matvec/rtl/int8_matvec_registered_top.sv Line: 10
    Info (15718): Pin "w00[4]" is virtual input pin File: /workspace/rtl-quartus-publication-20260917/experiments/quartus-int8-matvec/rtl/int8_matvec_registered_top.sv Line: 10
    Info (15718): Pin "w00[5]" is virtual input pin File: /workspace/rtl-quartus-publication-20260917/experiments/quartus-int8-matvec/rtl/int8_matvec_registered_top.sv Line: 10
    Info (15718): Pin "w00[6]" is virtual input pin File: /workspace/rtl-quartus-publication-20260917/experiments/quartus-int8-matvec/rtl/int8_matvec_registered_top.sv Line: 10
    Info (15718): Pin "w00[7]" is virtual input pin File: /workspace/rtl-quartus-publication-20260917/experiments/quartus-int8-matvec/rtl/int8_matvec_registered_top.sv Line: 10
    Info (15718): Pin "x0[0]" is virtual input pin File: /workspace/rtl-quartus-publication-20260917/experiments/quartus-int8-matvec/rtl/int8_matvec_registered_top.sv Line: 6
    Info (15718): Pin "x0[1]" is virtual input pin File: /workspace/rtl-quartus-publication-20260917/experiments/quartus-int8-matvec/rtl/int8_matvec_registered_top.sv Line: 6
    Info (15718): Pin "x0[2]" is virtual input pin File: /workspace/rtl-quartus-publication-20260917/experiments/quartus-int8-matvec/rtl/int8_matvec_registered_top.sv Line: 6
    Info (15718): Pin "x0[3]" is virtual input pin File: /workspace/rtl-quartus-publication-20260917/experiments/quartus-int8-matvec/rtl/int8_matvec_registered_top.sv Line: 6
    Info (15718): Pin "x0[4]" is virtual input pin File: /workspace/rtl-quartus-publication-20260917/experiments/quartus-int8-matvec/rtl/int8_matvec_registered_top.sv Line: 6
    Info (15718): Pin "x0[5]" is virtual input pin File: /workspace/rtl-quartus-publication-20260917/experiments/quartus-int8-matvec/rtl/int8_matvec_registered_top.sv Line: 6
    Info (15718): Pin "x0[6]" is virtual input pin File: /workspace/rtl-quartus-publication-20260917/experiments/quartus-int8-matvec/rtl/int8_matvec_registered_top.sv Line: 6
    Info (15718): Pin "x0[7]" is virtual input pin File: /workspace/rtl-quartus-publication-20260917/experiments/quartus-int8-matvec/rtl/int8_matvec_registered_top.sv Line: 6
    Info (15718): Pin "w02[0]" is virtual input pin File: /workspace/rtl-quartus-publication-20260917/experiments/quartus-int8-matvec/rtl/int8_matvec_registered_top.sv Line: 12
    Info (15718): Pin "w02[1]" is virtual input pin File: /workspace/rtl-quartus-publication-20260917/experiments/quartus-int8-matvec/rtl/int8_matvec_registered_top.sv Line: 12
    Info (15718): Pin "w02[2]" is virtual input pin File: /workspace/rtl-quartus-publication-20260917/experiments/quartus-int8-matvec/rtl/int8_matvec_registered_top.sv Line: 12
    Info (15718): Pin "w02[3]" is virtual input pin File: /workspace/rtl-quartus-publication-20260917/experiments/quartus-int8-matvec/rtl/int8_matvec_registered_top.sv Line: 12
    Info (15718): Pin "w02[4]" is virtual input pin File: /workspace/rtl-quartus-publication-20260917/experiments/quartus-int8-matvec/rtl/int8_matvec_registered_top.sv Line: 12
    Info (15718): Pin "w02[5]" is virtual input pin File: /workspace/rtl-quartus-publication-20260917/experiments/quartus-int8-matvec/rtl/int8_matvec_registered_top.sv Line: 12
    Info (15718): Pin "w02[6]" is virtual input pin File: /workspace/rtl-quartus-publication-20260917/experiments/quartus-int8-matvec/rtl/int8_matvec_registered_top.sv Line: 12
    Info (15718): Pin "w02[7]" is virtual input pin File: /workspace/rtl-quartus-publication-20260917/experiments/quartus-int8-matvec/rtl/int8_matvec_registered_top.sv Line: 12
    Info (15718): Pin "x2[0]" is virtual input pin File: /workspace/rtl-quartus-publication-20260917/experiments/quartus-int8-matvec/rtl/int8_matvec_registered_top.sv Line: 8
    Info (15718): Pin "x2[1]" is virtual input pin File: /workspace/rtl-quartus-publication-20260917/experiments/quartus-int8-matvec/rtl/int8_matvec_registered_top.sv Line: 8
    Info (15718): Pin "x2[2]" is virtual input pin File: /workspace/rtl-quartus-publication-20260917/experiments/quartus-int8-matvec/rtl/int8_matvec_registered_top.sv Line: 8
    Info (15718): Pin "x2[3]" is virtual input pin File: /workspace/rtl-quartus-publication-20260917/experiments/quartus-int8-matvec/rtl/int8_matvec_registered_top.sv Line: 8
    Info (15718): Pin "x2[4]" is virtual input pin File: /workspace/rtl-quartus-publication-20260917/experiments/quartus-int8-matvec/rtl/int8_matvec_registered_top.sv Line: 8
    Info (15718): Pin "x2[5]" is virtual input pin File: /workspace/rtl-quartus-publication-20260917/experiments/quartus-int8-matvec/rtl/int8_matvec_registered_top.sv Line: 8
    Info (15718): Pin "x2[6]" is virtual input pin File: /workspace/rtl-quartus-publication-20260917/experiments/quartus-int8-matvec/rtl/int8_matvec_registered_top.sv Line: 8
    Info (15718): Pin "x2[7]" is virtual input pin File: /workspace/rtl-quartus-publication-20260917/experiments/quartus-int8-matvec/rtl/int8_matvec_registered_top.sv Line: 8
    Info (15718): Pin "w03[0]" is virtual input pin File: /workspace/rtl-quartus-publication-20260917/experiments/quartus-int8-matvec/rtl/int8_matvec_registered_top.sv Line: 13
    Info (15718): Pin "w03[1]" is virtual input pin File: /workspace/rtl-quartus-publication-20260917/experiments/quartus-int8-matvec/rtl/int8_matvec_registered_top.sv Line: 13
    Info (15718): Pin "w03[2]" is virtual input pin File: /workspace/rtl-quartus-publication-20260917/experiments/quartus-int8-matvec/rtl/int8_matvec_registered_top.sv Line: 13
    Info (15718): Pin "w03[3]" is virtual input pin File: /workspace/rtl-quartus-publication-20260917/experiments/quartus-int8-matvec/rtl/int8_matvec_registered_top.sv Line: 13
    Info (15718): Pin "w03[4]" is virtual input pin File: /workspace/rtl-quartus-publication-20260917/experiments/quartus-int8-matvec/rtl/int8_matvec_registered_top.sv Line: 13
    Info (15718): Pin "w03[5]" is virtual input pin File: /workspace/rtl-quartus-publication-20260917/experiments/quartus-int8-matvec/rtl/int8_matvec_registered_top.sv Line: 13
    Info (15718): Pin "w03[6]" is virtual input pin File: /workspace/rtl-quartus-publication-20260917/experiments/quartus-int8-matvec/rtl/int8_matvec_registered_top.sv Line: 13
    Info (15718): Pin "w03[7]" is virtual input pin File: /workspace/rtl-quartus-publication-20260917/experiments/quartus-int8-matvec/rtl/int8_matvec_registered_top.sv Line: 13
    Info (15718): Pin "x3[0]" is virtual input pin File: /workspace/rtl-quartus-publication-20260917/experiments/quartus-int8-matvec/rtl/int8_matvec_registered_top.sv Line: 9
    Info (15718): Pin "x3[1]" is virtual input pin File: /workspace/rtl-quartus-publication-20260917/experiments/quartus-int8-matvec/rtl/int8_matvec_registered_top.sv Line: 9
    Info (15718): Pin "x3[2]" is virtual input pin File: /workspace/rtl-quartus-publication-20260917/experiments/quartus-int8-matvec/rtl/int8_matvec_registered_top.sv Line: 9
    Info (15718): Pin "x3[3]" is virtual input pin File: /workspace/rtl-quartus-publication-20260917/experiments/quartus-int8-matvec/rtl/int8_matvec_registered_top.sv Line: 9
    Info (15718): Pin "x3[4]" is virtual input pin File: /workspace/rtl-quartus-publication-20260917/experiments/quartus-int8-matvec/rtl/int8_matvec_registered_top.sv Line: 9
    Info (15718): Pin "x3[5]" is virtual input pin File: /workspace/rtl-quartus-publication-20260917/experiments/quartus-int8-matvec/rtl/int8_matvec_registered_top.sv Line: 9
    Info (15718): Pin "x3[6]" is virtual input pin File: /workspace/rtl-quartus-publication-20260917/experiments/quartus-int8-matvec/rtl/int8_matvec_registered_top.sv Line: 9
    Info (15718): Pin "x3[7]" is virtual input pin File: /workspace/rtl-quartus-publication-20260917/experiments/quartus-int8-matvec/rtl/int8_matvec_registered_top.sv Line: 9
    Info (15718): Pin "w11[0]" is virtual input pin File: /workspace/rtl-quartus-publication-20260917/experiments/quartus-int8-matvec/rtl/int8_matvec_registered_top.sv Line: 15
    Info (15718): Pin "w11[1]" is virtual input pin File: /workspace/rtl-quartus-publication-20260917/experiments/quartus-int8-matvec/rtl/int8_matvec_registered_top.sv Line: 15
    Info (15718): Pin "w11[2]" is virtual input pin File: /workspace/rtl-quartus-publication-20260917/experiments/quartus-int8-matvec/rtl/int8_matvec_registered_top.sv Line: 15
    Info (15718): Pin "w11[3]" is virtual input pin File: /workspace/rtl-quartus-publication-20260917/experiments/quartus-int8-matvec/rtl/int8_matvec_registered_top.sv Line: 15
    Info (15718): Pin "w11[4]" is virtual input pin File: /workspace/rtl-quartus-publication-20260917/experiments/quartus-int8-matvec/rtl/int8_matvec_registered_top.sv Line: 15
    Info (15718): Pin "w11[5]" is virtual input pin File: /workspace/rtl-quartus-publication-20260917/experiments/quartus-int8-matvec/rtl/int8_matvec_registered_top.sv Line: 15
    Info (15718): Pin "w11[6]" is virtual input pin File: /workspace/rtl-quartus-publication-20260917/experiments/quartus-int8-matvec/rtl/int8_matvec_registered_top.sv Line: 15
    Info (15718): Pin "w11[7]" is virtual input pin File: /workspace/rtl-quartus-publication-20260917/experiments/quartus-int8-matvec/rtl/int8_matvec_registered_top.sv Line: 15
    Info (15718): Pin "w10[0]" is virtual input pin File: /workspace/rtl-quartus-publication-20260917/experiments/quartus-int8-matvec/rtl/int8_matvec_registered_top.sv Line: 14
    Info (15718): Pin "w10[1]" is virtual input pin File: /workspace/rtl-quartus-publication-20260917/experiments/quartus-int8-matvec/rtl/int8_matvec_registered_top.sv Line: 14
    Info (15718): Pin "w10[2]" is virtual input pin File: /workspace/rtl-quartus-publication-20260917/experiments/quartus-int8-matvec/rtl/int8_matvec_registered_top.sv Line: 14
    Info (15718): Pin "w10[3]" is virtual input pin File: /workspace/rtl-quartus-publication-20260917/experiments/quartus-int8-matvec/rtl/int8_matvec_registered_top.sv Line: 14
    Info (15718): Pin "w10[4]" is virtual input pin File: /workspace/rtl-quartus-publication-20260917/experiments/quartus-int8-matvec/rtl/int8_matvec_registered_top.sv Line: 14
    Info (15718): Pin "w10[5]" is virtual input pin File: /workspace/rtl-quartus-publication-20260917/experiments/quartus-int8-matvec/rtl/int8_matvec_registered_top.sv Line: 14
    Info (15718): Pin "w10[6]" is virtual input pin File: /workspace/rtl-quartus-publication-20260917/experiments/quartus-int8-matvec/rtl/int8_matvec_registered_top.sv Line: 14
    Info (15718): Pin "w10[7]" is virtual input pin File: /workspace/rtl-quartus-publication-20260917/experiments/quartus-int8-matvec/rtl/int8_matvec_registered_top.sv Line: 14
    Info (15718): Pin "w12[0]" is virtual input pin File: /workspace/rtl-quartus-publication-20260917/experiments/quartus-int8-matvec/rtl/int8_matvec_registered_top.sv Line: 16
    Info (15718): Pin "w12[1]" is virtual input pin File: /workspace/rtl-quartus-publication-20260917/experiments/quartus-int8-matvec/rtl/int8_matvec_registered_top.sv Line: 16
    Info (15718): Pin "w12[2]" is virtual input pin File: /workspace/rtl-quartus-publication-20260917/experiments/quartus-int8-matvec/rtl/int8_matvec_registered_top.sv Line: 16
    Info (15718): Pin "w12[3]" is virtual input pin File: /workspace/rtl-quartus-publication-20260917/experiments/quartus-int8-matvec/rtl/int8_matvec_registered_top.sv Line: 16
    Info (15718): Pin "w12[4]" is virtual input pin File: /workspace/rtl-quartus-publication-20260917/experiments/quartus-int8-matvec/rtl/int8_matvec_registered_top.sv Line: 16
    Info (15718): Pin "w12[5]" is virtual input pin File: /workspace/rtl-quartus-publication-20260917/experiments/quartus-int8-matvec/rtl/int8_matvec_registered_top.sv Line: 16
    Info (15718): Pin "w12[6]" is virtual input pin File: /workspace/rtl-quartus-publication-20260917/experiments/quartus-int8-matvec/rtl/int8_matvec_registered_top.sv Line: 16
    Info (15718): Pin "w12[7]" is virtual input pin File: /workspace/rtl-quartus-publication-20260917/experiments/quartus-int8-matvec/rtl/int8_matvec_registered_top.sv Line: 16
    Info (15718): Pin "w13[0]" is virtual input pin File: /workspace/rtl-quartus-publication-20260917/experiments/quartus-int8-matvec/rtl/int8_matvec_registered_top.sv Line: 17
    Info (15718): Pin "w13[1]" is virtual input pin File: /workspace/rtl-quartus-publication-20260917/experiments/quartus-int8-matvec/rtl/int8_matvec_registered_top.sv Line: 17
    Info (15718): Pin "w13[2]" is virtual input pin File: /workspace/rtl-quartus-publication-20260917/experiments/quartus-int8-matvec/rtl/int8_matvec_registered_top.sv Line: 17
    Info (15718): Pin "w13[3]" is virtual input pin File: /workspace/rtl-quartus-publication-20260917/experiments/quartus-int8-matvec/rtl/int8_matvec_registered_top.sv Line: 17
    Info (15718): Pin "w13[4]" is virtual input pin File: /workspace/rtl-quartus-publication-20260917/experiments/quartus-int8-matvec/rtl/int8_matvec_registered_top.sv Line: 17
    Info (15718): Pin "w13[5]" is virtual input pin File: /workspace/rtl-quartus-publication-20260917/experiments/quartus-int8-matvec/rtl/int8_matvec_registered_top.sv Line: 17
    Info (15718): Pin "w13[6]" is virtual input pin File: /workspace/rtl-quartus-publication-20260917/experiments/quartus-int8-matvec/rtl/int8_matvec_registered_top.sv Line: 17
    Info (15718): Pin "w13[7]" is virtual input pin File: /workspace/rtl-quartus-publication-20260917/experiments/quartus-int8-matvec/rtl/int8_matvec_registered_top.sv Line: 17
    Info (15718): Pin "w21[0]" is virtual input pin File: /workspace/rtl-quartus-publication-20260917/experiments/quartus-int8-matvec/rtl/int8_matvec_registered_top.sv Line: 19
    Info (15718): Pin "w21[1]" is virtual input pin File: /workspace/rtl-quartus-publication-20260917/experiments/quartus-int8-matvec/rtl/int8_matvec_registered_top.sv Line: 19
    Info (15718): Pin "w21[2]" is virtual input pin File: /workspace/rtl-quartus-publication-20260917/experiments/quartus-int8-matvec/rtl/int8_matvec_registered_top.sv Line: 19
    Info (15718): Pin "w21[3]" is virtual input pin File: /workspace/rtl-quartus-publication-20260917/experiments/quartus-int8-matvec/rtl/int8_matvec_registered_top.sv Line: 19
    Info (15718): Pin "w21[4]" is virtual input pin File: /workspace/rtl-quartus-publication-20260917/experiments/quartus-int8-matvec/rtl/int8_matvec_registered_top.sv Line: 19
    Info (15718): Pin "w21[5]" is virtual input pin File: /workspace/rtl-quartus-publication-20260917/experiments/quartus-int8-matvec/rtl/int8_matvec_registered_top.sv Line: 19
    Info (15718): Pin "w21[6]" is virtual input pin File: /workspace/rtl-quartus-publication-20260917/experiments/quartus-int8-matvec/rtl/int8_matvec_registered_top.sv Line: 19
    Info (15718): Pin "w21[7]" is virtual input pin File: /workspace/rtl-quartus-publication-20260917/experiments/quartus-int8-matvec/rtl/int8_matvec_registered_top.sv Line: 19
    Info (15718): Pin "w20[0]" is virtual input pin File: /workspace/rtl-quartus-publication-20260917/experiments/quartus-int8-matvec/rtl/int8_matvec_registered_top.sv Line: 18
    Info (15718): Pin "w20[1]" is virtual input pin File: /workspace/rtl-quartus-publication-20260917/experiments/quartus-int8-matvec/rtl/int8_matvec_registered_top.sv Line: 18
    Info (15718): Pin "w20[2]" is virtual input pin File: /workspace/rtl-quartus-publication-20260917/experiments/quartus-int8-matvec/rtl/int8_matvec_registered_top.sv Line: 18
    Info (15718): Pin "w20[3]" is virtual input pin File: /workspace/rtl-quartus-publication-20260917/experiments/quartus-int8-matvec/rtl/int8_matvec_registered_top.sv Line: 18
    Info (15718): Pin "w20[4]" is virtual input pin File: /workspace/rtl-quartus-publication-20260917/experiments/quartus-int8-matvec/rtl/int8_matvec_registered_top.sv Line: 18
    Info (15718): Pin "w20[5]" is virtual input pin File: /workspace/rtl-quartus-publication-20260917/experiments/quartus-int8-matvec/rtl/int8_matvec_registered_top.sv Line: 18
    Info (15718): Pin "w20[6]" is virtual input pin File: /workspace/rtl-quartus-publication-20260917/experiments/quartus-int8-matvec/rtl/int8_matvec_registered_top.sv Line: 18
    Info (15718): Pin "w20[7]" is virtual input pin File: /workspace/rtl-quartus-publication-20260917/experiments/quartus-int8-matvec/rtl/int8_matvec_registered_top.sv Line: 18
    Info (15718): Pin "w22[0]" is virtual input pin File: /workspace/rtl-quartus-publication-20260917/experiments/quartus-int8-matvec/rtl/int8_matvec_registered_top.sv Line: 20
    Info (15718): Pin "w22[1]" is virtual input pin File: /workspace/rtl-quartus-publication-20260917/experiments/quartus-int8-matvec/rtl/int8_matvec_registered_top.sv Line: 20
    Info (15718): Pin "w22[2]" is virtual input pin File: /workspace/rtl-quartus-publication-20260917/experiments/quartus-int8-matvec/rtl/int8_matvec_registered_top.sv Line: 20
    Info (15718): Pin "w22[3]" is virtual input pin File: /workspace/rtl-quartus-publication-20260917/experiments/quartus-int8-matvec/rtl/int8_matvec_registered_top.sv Line: 20
    Info (15718): Pin "w22[4]" is virtual input pin File: /workspace/rtl-quartus-publication-20260917/experiments/quartus-int8-matvec/rtl/int8_matvec_registered_top.sv Line: 20
    Info (15718): Pin "w22[5]" is virtual input pin File: /workspace/rtl-quartus-publication-20260917/experiments/quartus-int8-matvec/rtl/int8_matvec_registered_top.sv Line: 20
    Info (15718): Pin "w22[6]" is virtual input pin File: /workspace/rtl-quartus-publication-20260917/experiments/quartus-int8-matvec/rtl/int8_matvec_registered_top.sv Line: 20
    Info (15718): Pin "w22[7]" is virtual input pin File: /workspace/rtl-quartus-publication-20260917/experiments/quartus-int8-matvec/rtl/int8_matvec_registered_top.sv Line: 20
    Info (15718): Pin "w23[0]" is virtual input pin File: /workspace/rtl-quartus-publication-20260917/experiments/quartus-int8-matvec/rtl/int8_matvec_registered_top.sv Line: 21
    Info (15718): Pin "w23[1]" is virtual input pin File: /workspace/rtl-quartus-publication-20260917/experiments/quartus-int8-matvec/rtl/int8_matvec_registered_top.sv Line: 21
    Info (15718): Pin "w23[2]" is virtual input pin File: /workspace/rtl-quartus-publication-20260917/experiments/quartus-int8-matvec/rtl/int8_matvec_registered_top.sv Line: 21
    Info (15718): Pin "w23[3]" is virtual input pin File: /workspace/rtl-quartus-publication-20260917/experiments/quartus-int8-matvec/rtl/int8_matvec_registered_top.sv Line: 21
    Info (15718): Pin "w23[4]" is virtual input pin File: /workspace/rtl-quartus-publication-20260917/experiments/quartus-int8-matvec/rtl/int8_matvec_registered_top.sv Line: 21
    Info (15718): Pin "w23[5]" is virtual input pin File: /workspace/rtl-quartus-publication-20260917/experiments/quartus-int8-matvec/rtl/int8_matvec_registered_top.sv Line: 21
    Info (15718): Pin "w23[6]" is virtual input pin File: /workspace/rtl-quartus-publication-20260917/experiments/quartus-int8-matvec/rtl/int8_matvec_registered_top.sv Line: 21
    Info (15718): Pin "w23[7]" is virtual input pin File: /workspace/rtl-quartus-publication-20260917/experiments/quartus-int8-matvec/rtl/int8_matvec_registered_top.sv Line: 21
    Info (15718): Pin "w31[0]" is virtual input pin File: /workspace/rtl-quartus-publication-20260917/experiments/quartus-int8-matvec/rtl/int8_matvec_registered_top.sv Line: 23
    Info (15718): Pin "w31[1]" is virtual input pin File: /workspace/rtl-quartus-publication-20260917/experiments/quartus-int8-matvec/rtl/int8_matvec_registered_top.sv Line: 23
    Info (15718): Pin "w31[2]" is virtual input pin File: /workspace/rtl-quartus-publication-20260917/experiments/quartus-int8-matvec/rtl/int8_matvec_registered_top.sv Line: 23
    Info (15718): Pin "w31[3]" is virtual input pin File: /workspace/rtl-quartus-publication-20260917/experiments/quartus-int8-matvec/rtl/int8_matvec_registered_top.sv Line: 23
    Info (15718): Pin "w31[4]" is virtual input pin File: /workspace/rtl-quartus-publication-20260917/experiments/quartus-int8-matvec/rtl/int8_matvec_registered_top.sv Line: 23
    Info (15718): Pin "w31[5]" is virtual input pin File: /workspace/rtl-quartus-publication-20260917/experiments/quartus-int8-matvec/rtl/int8_matvec_registered_top.sv Line: 23
    Info (15718): Pin "w31[6]" is virtual input pin File: /workspace/rtl-quartus-publication-20260917/experiments/quartus-int8-matvec/rtl/int8_matvec_registered_top.sv Line: 23
    Info (15718): Pin "w31[7]" is virtual input pin File: /workspace/rtl-quartus-publication-20260917/experiments/quartus-int8-matvec/rtl/int8_matvec_registered_top.sv Line: 23
    Info (15718): Pin "w30[0]" is virtual input pin File: /workspace/rtl-quartus-publication-20260917/experiments/quartus-int8-matvec/rtl/int8_matvec_registered_top.sv Line: 22
    Info (15718): Pin "w30[1]" is virtual input pin File: /workspace/rtl-quartus-publication-20260917/experiments/quartus-int8-matvec/rtl/int8_matvec_registered_top.sv Line: 22
    Info (15718): Pin "w30[2]" is virtual input pin File: /workspace/rtl-quartus-publication-20260917/experiments/quartus-int8-matvec/rtl/int8_matvec_registered_top.sv Line: 22
    Info (15718): Pin "w30[3]" is virtual input pin File: /workspace/rtl-quartus-publication-20260917/experiments/quartus-int8-matvec/rtl/int8_matvec_registered_top.sv Line: 22
    Info (15718): Pin "w30[4]" is virtual input pin File: /workspace/rtl-quartus-publication-20260917/experiments/quartus-int8-matvec/rtl/int8_matvec_registered_top.sv Line: 22
    Info (15718): Pin "w30[5]" is virtual input pin File: /workspace/rtl-quartus-publication-20260917/experiments/quartus-int8-matvec/rtl/int8_matvec_registered_top.sv Line: 22
    Info (15718): Pin "w30[6]" is virtual input pin File: /workspace/rtl-quartus-publication-20260917/experiments/quartus-int8-matvec/rtl/int8_matvec_registered_top.sv Line: 22
    Info (15718): Pin "w30[7]" is virtual input pin File: /workspace/rtl-quartus-publication-20260917/experiments/quartus-int8-matvec/rtl/int8_matvec_registered_top.sv Line: 22
    Info (15718): Pin "w32[0]" is virtual input pin File: /workspace/rtl-quartus-publication-20260917/experiments/quartus-int8-matvec/rtl/int8_matvec_registered_top.sv Line: 24
    Info (15718): Pin "w32[1]" is virtual input pin File: /workspace/rtl-quartus-publication-20260917/experiments/quartus-int8-matvec/rtl/int8_matvec_registered_top.sv Line: 24
    Info (15718): Pin "w32[2]" is virtual input pin File: /workspace/rtl-quartus-publication-20260917/experiments/quartus-int8-matvec/rtl/int8_matvec_registered_top.sv Line: 24
    Info (15718): Pin "w32[3]" is virtual input pin File: /workspace/rtl-quartus-publication-20260917/experiments/quartus-int8-matvec/rtl/int8_matvec_registered_top.sv Line: 24
    Info (15718): Pin "w32[4]" is virtual input pin File: /workspace/rtl-quartus-publication-20260917/experiments/quartus-int8-matvec/rtl/int8_matvec_registered_top.sv Line: 24
    Info (15718): Pin "w32[5]" is virtual input pin File: /workspace/rtl-quartus-publication-20260917/experiments/quartus-int8-matvec/rtl/int8_matvec_registered_top.sv Line: 24
    Info (15718): Pin "w32[6]" is virtual input pin File: /workspace/rtl-quartus-publication-20260917/experiments/quartus-int8-matvec/rtl/int8_matvec_registered_top.sv Line: 24
    Info (15718): Pin "w32[7]" is virtual input pin File: /workspace/rtl-quartus-publication-20260917/experiments/quartus-int8-matvec/rtl/int8_matvec_registered_top.sv Line: 24
    Info (15718): Pin "w33[0]" is virtual input pin File: /workspace/rtl-quartus-publication-20260917/experiments/quartus-int8-matvec/rtl/int8_matvec_registered_top.sv Line: 25
    Info (15718): Pin "w33[1]" is virtual input pin File: /workspace/rtl-quartus-publication-20260917/experiments/quartus-int8-matvec/rtl/int8_matvec_registered_top.sv Line: 25
    Info (15718): Pin "w33[2]" is virtual input pin File: /workspace/rtl-quartus-publication-20260917/experiments/quartus-int8-matvec/rtl/int8_matvec_registered_top.sv Line: 25
    Info (15718): Pin "w33[3]" is virtual input pin File: /workspace/rtl-quartus-publication-20260917/experiments/quartus-int8-matvec/rtl/int8_matvec_registered_top.sv Line: 25
    Info (15718): Pin "w33[4]" is virtual input pin File: /workspace/rtl-quartus-publication-20260917/experiments/quartus-int8-matvec/rtl/int8_matvec_registered_top.sv Line: 25
    Info (15718): Pin "w33[5]" is virtual input pin File: /workspace/rtl-quartus-publication-20260917/experiments/quartus-int8-matvec/rtl/int8_matvec_registered_top.sv Line: 25
    Info (15718): Pin "w33[6]" is virtual input pin File: /workspace/rtl-quartus-publication-20260917/experiments/quartus-int8-matvec/rtl/int8_matvec_registered_top.sv Line: 25
    Info (15718): Pin "w33[7]" is virtual input pin File: /workspace/rtl-quartus-publication-20260917/experiments/quartus-int8-matvec/rtl/int8_matvec_registered_top.sv Line: 25
Info (21057): Implemented 581 device resources after synthesis - the final resource count might be different
    Info (21058): Implemented 1 input pins
    Info (21059): Implemented 0 output pins
    Info (21061): Implemented 564 logic cells
    Info (21062): Implemented 16 DSP elements
Info: Quartus Prime Analysis & Synthesis was successful. 0 errors, 0 warnings
    Info: Peak virtual memory: 411 megabytes
    Info: Processing ended: Thu Sep 17 11:08:00 2026
    Info: Elapsed time: 00:02:49
    Info: Total CPU time (on all processors): 00:04:14


